<?xml version="1.0" encoding="UTF-8" standalone="yes"?>
<types>
	<type name="rag_car_jack">
        <nominal>7</nominal>
        <lifetime>7200</lifetime>
        <restock>300</restock>
        <min>4</min>
        <quantmin>-1</quantmin>
        <quantmax>-1</quantmax>
        <cost>100</cost>
        <flags count_in_cargo="0" count_in_hoarder="0" count_in_map="1" count_in_player="0" crafted="0" deloot="0"/>
        <category name="tools"/>
        <usage name="Industrial"/>
    </type>
	<type name="rag_farmjack">
        <nominal>7</nominal>
        <lifetime>7200</lifetime>
        <restock>300</restock>
        <min>4</min>
        <quantmin>-1</quantmin>
        <quantmax>-1</quantmax>
        <cost>100</cost>
        <flags count_in_cargo="0" count_in_hoarder="0" count_in_map="1" count_in_player="0" crafted="0" deloot="0"/>
        <category name="tools"/>
        <usage name="Farm"/>
        <usage name="Industrial"/>
    </type>
	<type name="rag_oil_dipstick">
        <nominal>7</nominal>
        <lifetime>7200</lifetime>
        <restock>300</restock>
        <min>4</min>
        <quantmin>-1</quantmin>
        <quantmax>-1</quantmax>
        <cost>100</cost>
        <flags count_in_cargo="0" count_in_hoarder="0" count_in_map="1" count_in_player="0" crafted="0" deloot="0"/>
        <category name="tools"/>
        <usage name="Industrial"/>
    </type>
	<!-- IMPORTANT Make sure to remove "EngineOil" from cfgIgnoreList.xml !!! -->
	<type name="EngineOil">
        <nominal>10</nominal>
        <lifetime>3600</lifetime>
        <restock>300</restock>
        <min>4</min>
        <quantmin>-1</quantmin>
        <quantmax>-1</quantmax>
        <cost>100</cost>
        <flags count_in_cargo="0" count_in_hoarder="0" count_in_map="1" count_in_player="0" crafted="0" deloot="0"/>
        <category name="tools"/>
        <usage name="Industrial"/>
    </type>
</types>