{
    "NotificationsType": 2.0,
    "WeightRestrictionsHandlerIsActive": 1,
    "WeakSlowdownIfLoadGreaterThanKg": 20.0,
    "MediumSlowdownIfLoadGreaterThanKg": 35.0,
    "StrongSlowdownIfLoadGreaterThanKg": 50.0,
    "ExtremeSlowdownIfLoadGreaterThanKg": 60.0,
    "ForcedWalkIfLoadGreaterThanKg": 70.0,
    "MovementRestrictionIfLoadGreaterThanKg": 100.0,
    "SlopeRestrictionsHandlerIsActive": 1,
    "WeakSlowdownIfSlopeGreaterThanDegree": 10.0,
    "MediumSlowdownIfSlopeGreaterThanDegree": 20.0,
    "StrongSlowdownIfSlopeGreaterThanDegree": 30.0,
    "ExtremeSlowdownIfSlopeGreaterThanDegree": 40.0,
    "ForcedWalkIfSlopeGreaterThanDegree": 50.0,
    "MovementRestrictionIfSlopeGreaterThanDegree": -1.0,
    "SurfaceRestrictionsHandlerIsActive": 1,
    "SurfaceRoadSpeedReduction": 0,
    "SurfaceGrassSpeedReduction": 0,
    "SurfaceGrassTallSpeedReduction": 1,
    "SurfaceForestSpeedReduction": 1,
    "SurfaceStoneSpeedReduction": 0,
    "SurfaceSandSpeedReduction": 2,
    "SurfaceWaterSpeedReduction": 2,
    "SurfaceSnowSpeedReduction": 1,
    "SurfaceFootwearSpeedImpact": {
        "Barefoot": -1
    },
    "ForcedWalkIfCharacterIsInBush": 1,
    "BushClasses": {},
    "CumulativeSpeedReductionIsActive": 1
}