{
    "m_Version": 12,
    "DisplayName": "#STR_EXPANSION_MARKET_CATEGORY_ARMBANDS",
    "Icon": "Deliver",
    "Color": "FBFCFEFF",
    "IsExchange": 0,
    "InitStockPercent": 75.0,
    "Items": [
        {
            "ClassName": "armband_white",
            "MaxPriceThreshold": 30,
            "MinPriceThreshold": 15,
            "SellPricePercent": -1.0,
            "MaxStockThreshold": 250,
            "MinStockThreshold": 1,
            "QuantityPercent": -1,
            "SpawnAttachments": [],
            "Variants": [
                "armband_yellow",
                "armband_orange",
                "armband_red",
                "armband_green",
                "armband_pink",
                "armband_blue",
                "armband_black"
            ]
        },
        {
            "ClassName": "armband_apa",
            "MaxPriceThreshold": 30,
            "MinPriceThreshold": 15,
            "SellPricePercent": -1.0,
            "MaxStockThreshold": 250,
            "MinStockThreshold": 1,
            "QuantityPercent": -1,
            "SpawnAttachments": [],
            "Variants": [
                "armband_altis",
                "armband_babydeer",
                "armband_bear",
                "armband_bohemia",
                "armband_brainz",
                "armband_cdf",
                "armband_chel",
                "armband_cmc",
                "armband_cannibals",
                "armband_chedaki",
                "armband_chernarus",
                "armband_dayz",
                "armband_hunterz",
                "armband_livonia",
                "armband_livoniaarmy",
                "armband_livoniapolice",
                "armband_napa",
                "armband_nsahrani",
                "armband_pirates",
                "armband_rsta",
                "armband_refuge",
                "armband_rooster",
                "armband_ssahrani",
                "armband_snake",
                "armband_tec",
                "armband_uec",
                "armband_wolf",
                "armband_zenit"
            ]
        }
    ]
}