{
    "m_Version": 12,
    "DisplayName": "#STR_EXPANSION_MARKET_CATEGORY_SHIRTS & #STR_EXPANSION_MARKET_CATEGORY_TSHIRTS",
    "Icon": "Deliver",
    "Color": "FBFCFEFF",
    "IsExchange": 0,
    "InitStockPercent": 75.0,
    "Items": [
        {
            "ClassName": "tshirt_blue",
            "MaxPriceThreshold": 740,
            "MinPriceThreshold": 440,
            "SellPricePercent": -1.0,
            "MaxStockThreshold": 100,
            "MinStockThreshold": 1,
            "QuantityPercent": -1,
            "SpawnAttachments": [],
            "Variants": [
                "tshirt_orangewhitestripes",
                "tshirt_red",
                "tshirt_redblackstripes",
                "tshirt_beige",
                "tshirt_grey",
                "tshirt_green",
                "tshirt_white"
            ]
        },
        {
            "ClassName": "tshirt_black",
            "MaxPriceThreshold": 740,
            "MinPriceThreshold": 440,
            "SellPricePercent": -1.0,
            "MaxStockThreshold": 100,
            "MinStockThreshold": 1,
            "QuantityPercent": -1,
            "SpawnAttachments": [],
            "Variants": [
                "tshirt_10thanniversary"
            ]
        },
        {
            "ClassName": "telnyashkashirt",
            "MaxPriceThreshold": 355,
            "MinPriceThreshold": 210,
            "SellPricePercent": -1.0,
            "MaxStockThreshold": 100,
            "MinStockThreshold": 1,
            "QuantityPercent": -1,
            "SpawnAttachments": [],
            "Variants": []
        },
        {
            "ClassName": "shirt_bluecheck",
            "MaxPriceThreshold": 1015,
            "MinPriceThreshold": 610,
            "SellPricePercent": -1.0,
            "MaxStockThreshold": 100,
            "MinStockThreshold": 1,
            "QuantityPercent": -1,
            "SpawnAttachments": [],
            "Variants": [
                "shirt_bluecheckbright",
                "shirt_redcheck",
                "shirt_whitecheck",
                "shirt_planeblack",
                "shirt_greencheck"
            ]
        },
        {
            "ClassName": "shirt_planeblack",
            "MaxPriceThreshold": 1575,
            "MinPriceThreshold": 945,
            "SellPricePercent": -1.0,
            "MaxStockThreshold": 100,
            "MinStockThreshold": 1,
            "QuantityPercent": -1,
            "SpawnAttachments": [],
            "Variants": []
        },
        {
            "ClassName": "medicalscrubsshirt_blue",
            "MaxPriceThreshold": 1080,
            "MinPriceThreshold": 650,
            "SellPricePercent": -1.0,
            "MaxStockThreshold": 100,
            "MinStockThreshold": 1,
            "QuantityPercent": -1,
            "SpawnAttachments": [],
            "Variants": [
                "medicalscrubsshirt_green",
                "medicalscrubsshirt_white"
            ]
        },
        {
            "ClassName": "chernarussportshirt",
            "MaxPriceThreshold": 390,
            "MinPriceThreshold": 235,
            "SellPricePercent": -1.0,
            "MaxStockThreshold": 100,
            "MinStockThreshold": 1,
            "QuantityPercent": -1,
            "SpawnAttachments": [],
            "Variants": []
        },
        {
            "ClassName": "tacticalshirt_grey",
            "MaxPriceThreshold": 1725,
            "MinPriceThreshold": 1035,
            "SellPricePercent": -1.0,
            "MaxStockThreshold": 100,
            "MinStockThreshold": 1,
            "QuantityPercent": -1,
            "SpawnAttachments": [],
            "Variants": [
                "tacticalshirt_tan",
                "tacticalshirt_black",
                "tacticalshirt_olive"
            ]
        },
        {
            "ClassName": "tacticalshirt_black",
            "MaxPriceThreshold": 11545,
            "MinPriceThreshold": 6925,
            "SellPricePercent": -1.0,
            "MaxStockThreshold": 100,
            "MinStockThreshold": 1,
            "QuantityPercent": -1,
            "SpawnAttachments": [],
            "Variants": []
        }
    ]
}