{
    "m_Version": 12,
    "DisplayName": "#STR_EXPANSION_MARKET_CATEGORY_SNIPER_RIFLES",
    "Icon": "Deliver",
    "Color": "FBFCFEFF",
    "IsExchange": 0,
    "InitStockPercent": 75.0,
    "Items": [
        {
            "ClassName": "vss",
            "MaxPriceThreshold": 9810,
            "MinPriceThreshold": 5885,
            "SellPricePercent": -1.0,
            "MaxStockThreshold": 100,
            "MinStockThreshold": 1,
            "QuantityPercent": -1,
            "SpawnAttachments": [
                "mag_vss_10rnd"
            ],
            "Variants": []
        },
        {
            "ClassName": "asval",
            "MaxPriceThreshold": 11285,
            "MinPriceThreshold": 6770,
            "SellPricePercent": -1.0,
            "MaxStockThreshold": 100,
            "MinStockThreshold": 1,
            "QuantityPercent": -1,
            "SpawnAttachments": [
                "mag_val_20rnd"
            ],
            "Variants": []
        },
        {
            "ClassName": "vikhr",
            "MaxPriceThreshold": 10070,
            "MinPriceThreshold": 6040,
            "SellPricePercent": -1.0,
            "MaxStockThreshold": 100,
            "MinStockThreshold": 1,
            "QuantityPercent": -1,
            "SpawnAttachments": [
                "mag_vikhr_30rnd"
            ],
            "Variants": []
        },
        {
            "ClassName": "b95",
            "MaxPriceThreshold": 7005,
            "MinPriceThreshold": 4205,
            "SellPricePercent": -1.0,
            "MaxStockThreshold": 100,
            "MinStockThreshold": 1,
            "QuantityPercent": -1,
            "SpawnAttachments": [],
            "Variants": []
        },
        {
            "ClassName": "svd",
            "MaxPriceThreshold": 2040,
            "MinPriceThreshold": 1225,
            "SellPricePercent": -1.0,
            "MaxStockThreshold": 100,
            "MinStockThreshold": 1,
            "QuantityPercent": -1,
            "SpawnAttachments": [
                "mag_svd_10rnd"
            ],
            "Variants": []
        },
        {
            "ClassName": "sv98",
            "MaxPriceThreshold": 7370,
            "MinPriceThreshold": 4425,
            "SellPricePercent": -1.0,
            "MaxStockThreshold": 100,
            "MinStockThreshold": 1,
            "QuantityPercent": -1,
            "SpawnAttachments": [
                "mag_sv98_10rnd"
            ],
            "Variants": []
        },
        {
            "ClassName": "scout",
            "MaxPriceThreshold": 510,
            "MinPriceThreshold": 305,
            "SellPricePercent": -1.0,
            "MaxStockThreshold": 100,
            "MinStockThreshold": 1,
            "QuantityPercent": -1,
            "SpawnAttachments": [
                "mag_scout_5rnd"
            ],
            "Variants": []
        }
    ]
}