{
    "Version": 1,
    "RequireCarJackWheelChange": 1,
    "PlayerInCarCanBeTargetedByAI": 1,
    "EnableSlidingForNonOffroadCars": 1,
    "EnableAnimalDamageOnContact": 1,
    "EnableInfectedDamageOnContact": 1,
    "WheelDamageRoad": 0.0020000000949949028,
    "WheelDamageOffroad": 0.004000000189989805,
    "OffroadVehicles": [
        "Offroad_02",
        "OffroadHatchback",
        "rag_landrover_110_base",
        "rag_zil_130_base",
        "mtvr_base",
        "rag_jeep_willys_base",
        "rag_hummer_Armored_base",
        "rag_gaz69",
        "rag_atv_base",
        "Bicycle_Base",
        "Expansion_Landrover_Base",
        "Snowmobile_Base",
        "Techs_ATV_base",
        "Techs_Hilux_base"
    ],
    "WheelException": [
        "vg7_scorpion",
        "Snowmobile_Base",
        "ExpansionHelicopterScript",
        "Raft",
        "RFFSHeli_base",
        "RFMosquito_mod",
        "Bicycle_Base"
    ],
    "HeatingException": [
        "rag_jeep_willys_base",
        "rag_gaz69",
        "rag_derby_car_base",
        "rag_baja_base",
        "rag_atv_base",
        "vg7_scorpion",
        "Snowmobile_Base",
        "Raft",
        "Bicycle_Base"
    ]
}