<?xml version="1.0" encoding="UTF-8"?>
<territory-type>
    <territory color="4294967040">
        <zone name="Graze" smin="0" smax="0" dmin="0" dmax="1" x="10616.6" z="1105.71" r="60"/>
        <zone name="Graze" smin="0" smax="0" dmin="0" dmax="1" x="10275.4" z="1278.86" r="60"/>
        <zone name="Graze" smin="0" smax="0" dmin="0" dmax="1" x="11194.3" z="960" r="60"/>
        <zone name="Graze" smin="0" smax="0" dmin="0" dmax="1" x="10606.3" z="1659.43" r="60"/>
        <zone name="Graze" smin="0" smax="0" dmin="0" dmax="1" x="10253.1" z="2041.71" r="60"/>
        <zone name="Graze" smin="0" smax="0" dmin="0" dmax="1" x="9898.29" z="1856.57" r="60"/>
        <zone name="Graze" smin="0" smax="0" dmin="0" dmax="1" x="9677.14" z="2372.57" r="60"/>
        <zone name="Graze" smin="0" smax="0" dmin="0" dmax="1" x="9618.86" z="2504.57" r="60"/>
        <zone name="Graze" smin="0" smax="0" dmin="0" dmax="1" x="9332.71" z="1475.43" r="60"/>
        <zone name="Graze" smin="0" smax="0" dmin="0" dmax="1" x="9490" z="1541.43" r="60"/>
        <zone name="Graze" smin="0" smax="0" dmin="0" dmax="1" x="7650.86" z="613.714" r="60"/>
        <zone name="Graze" smin="0" smax="0" dmin="0" dmax="1" x="7719.43" z="492" r="60"/>
        <zone name="Graze" smin="0" smax="0" dmin="0" dmax="1" x="7302.86" z="370.286" r="60"/>
        <zone name="Graze" smin="0" smax="0" dmin="0" dmax="1" x="7080" z="540" r="60"/>
        <zone name="Graze" smin="0" smax="0" dmin="0" dmax="1" x="9848.57" z="876" r="60"/>
        <zone name="Graze" smin="0" smax="0" dmin="0" dmax="1" x="9603.43" z="1110.86" r="60"/>
        <zone name="Graze" smin="0" smax="0" dmin="0" dmax="1" x="9889.71" z="1083.43" r="60"/>
        <zone name="Graze" smin="0" smax="0" dmin="0" dmax="1" x="8521.71" z="3032.57" r="60"/>
        <zone name="Graze" smin="0" smax="0" dmin="0" dmax="1" x="8448" z="3234.86" r="60"/>
        <zone name="Graze" smin="0" smax="0" dmin="0" dmax="1" x="8338.29" z="3084" r="60"/>
        <zone name="Graze" smin="0" smax="0" dmin="0" dmax="1" x="9831.43" z="4206.86" r="60"/>
        <zone name="Graze" smin="0" smax="0" dmin="0" dmax="1" x="9985.71" z="3980.57" r="60"/>
        <zone name="Graze" smin="0" smax="0" dmin="0" dmax="1" x="10794.9" z="3509.14" r="60"/>
        <zone name="Graze" smin="0" smax="0" dmin="0" dmax="1" x="10974.9" z="3140.57" r="60"/>
        <zone name="Graze" smin="0" smax="0" dmin="0" dmax="1" x="10320" z="2861.14" r="60"/>
        <zone name="Graze" smin="0" smax="0" dmin="0" dmax="1" x="10323.4" z="3013.71" r="60"/>
        <zone name="Graze" smin="0" smax="0" dmin="0" dmax="1" x="10815.4" z="2384.57" r="60"/>
        <zone name="Graze" smin="0" smax="0" dmin="0" dmax="1" x="10772.6" z="2760" r="60"/>
        <zone name="Graze" smin="0" smax="0" dmin="0" dmax="1" x="11110.3" z="2000.57" r="60"/>
        <zone name="Graze" smin="0" smax="0" dmin="0" dmax="1" x="7920" z="4066.91" r="60"/>
        <zone name="Graze" smin="0" smax="0" dmin="0" dmax="1" x="7745.45" z="4149.82" r="60"/>
        <zone name="Graze" smin="0" smax="0" dmin="0" dmax="1" x="7322.18" z="4027.64" r="60"/>
        <zone name="Graze" smin="0" smax="0" dmin="0" dmax="1" x="7173.82" z="3894.55" r="60"/>
        <zone name="Graze" smin="0" smax="0" dmin="0" dmax="1" x="6759.27" z="4653.82" r="60"/>
        <zone name="Graze" smin="0" smax="0" dmin="0" dmax="1" x="6314.18" z="4455.27" r="60"/>
        <zone name="Graze" smin="0" smax="0" dmin="0" dmax="1" x="6019.64" z="4867.64" r="60"/>
        <zone name="Graze" smin="0" smax="0" dmin="0" dmax="1" x="5853.82" z="5083.64" r="60"/>
        <zone name="Graze" smin="0" smax="0" dmin="0" dmax="1" x="6412.36" z="5511.27" r="60"/>
        <zone name="Graze" smin="0" smax="0" dmin="0" dmax="1" x="6589.09" z="5528.73" r="60"/>
        <zone name="Graze" smin="0" smax="0" dmin="0" dmax="1" x="6235.64" z="5129.45" r="60"/>
        <zone name="Graze" smin="0" smax="0" dmin="0" dmax="1" x="6737.45" z="3606.55" r="60"/>
        <zone name="Graze" smin="0" smax="0" dmin="0" dmax="1" x="6429.82" z="3685.09" r="60"/>
        <zone name="Graze" smin="0" smax="0" dmin="0" dmax="1" x="6346.91" z="3809.45" r="60"/>
        <zone name="Graze" smin="0" smax="0" dmin="0" dmax="1" x="7688.73" z="4741.09" r="60"/>
        <zone name="Graze" smin="0" smax="0" dmin="0" dmax="1" x="7745.45" z="4546.91" r="60"/>
        <zone name="Graze" smin="0" smax="0" dmin="0" dmax="1" x="8070.55" z="4754.18" r="60"/>
        <zone name="Graze" smin="0" smax="0" dmin="0" dmax="1" x="8181.82" z="4913.45" r="60"/>
        <zone name="Graze" smin="0" smax="0" dmin="0" dmax="1" x="8016" z="5703.27" r="60"/>
        <zone name="Graze" smin="0" smax="0" dmin="0" dmax="1" x="7817.45" z="5727.27" r="60"/>
        <zone name="Graze" smin="0" smax="0" dmin="0" dmax="1" x="7398.55" z="5600.73" r="60"/>
        <zone name="Graze" smin="0" smax="0" dmin="0" dmax="1" x="7830.55" z="5360.73" r="60"/>
        <zone name="Graze" smin="0" smax="0" dmin="0" dmax="1" x="9650.18" z="5670.55" r="60"/>
        <zone name="Graze" smin="0" smax="0" dmin="0" dmax="1" x="9610.91" z="5480.73" r="60"/>
        <zone name="Graze" smin="0" smax="0" dmin="0" dmax="1" x="9850.91" z="6069.82" r="60"/>
        <zone name="Graze" smin="0" smax="0" dmin="0" dmax="1" x="10597.1" z="7088.73" r="60"/>
        <zone name="Graze" smin="0" smax="0" dmin="0" dmax="1" x="10597.1" z="7230.55" r="60"/>
        <zone name="Graze" smin="0" smax="0" dmin="0" dmax="1" x="12078.5" z="6824.73" r="60"/>
        <zone name="Graze" smin="0" smax="0" dmin="0" dmax="1" x="11197.1" z="8035.64" r="60"/>
        <zone name="Graze" smin="0" smax="0" dmin="0" dmax="1" x="11055.3" z="7974.55" r="60"/>
        <zone name="Graze" smin="0" smax="0" dmin="0" dmax="1" x="10250.2" z="8452.36" r="60"/>
        <zone name="Graze" smin="0" smax="0" dmin="0" dmax="1" x="10117.1" z="9266.18" r="60"/>
        <zone name="Graze" smin="0" smax="0" dmin="0" dmax="1" x="10455.3" z="9800.73" r="60"/>
        <zone name="Graze" smin="0" smax="0" dmin="0" dmax="1" x="11445.8" z="10313.5" r="60"/>
        <zone name="Graze" smin="0" smax="0" dmin="0" dmax="1" x="11301.8" z="10261.1" r="60"/>
        <zone name="Graze" smin="0" smax="0" dmin="0" dmax="1" x="11354.2" z="11452.4" r="60"/>
        <zone name="Graze" smin="0" smax="0" dmin="0" dmax="1" x="11102.8" z="11511.8" r="60"/>
        <zone name="Graze" smin="0" smax="0" dmin="0" dmax="1" x="10768.9" z="11399.5" r="60"/>
        <zone name="Graze" smin="0" smax="0" dmin="0" dmax="1" x="11015.1" z="11376" r="60"/>
        <zone name="Graze" smin="0" smax="0" dmin="0" dmax="1" x="10911.3" z="11978.2" r="60"/>
        <zone name="Graze" smin="0" smax="0" dmin="0" dmax="1" x="5985.6" z="396" r="60"/>
        <zone name="Graze" smin="0" smax="0" dmin="0" dmax="1" x="5661.6" z="480" r="60"/>
        <zone name="Graze" smin="0" smax="0" dmin="0" dmax="1" x="5522.4" z="398.4" r="60"/>
        <zone name="Graze" smin="0" smax="0" dmin="0" dmax="1" x="4092" z="556.8" r="60"/>
        <zone name="Graze" smin="0" smax="0" dmin="0" dmax="1" x="3830.4" z="592.8" r="60"/>
        <zone name="Graze" smin="0" smax="0" dmin="0" dmax="1" x="4792.8" z="494.4" r="60"/>
        <zone name="Graze" smin="0" smax="0" dmin="0" dmax="1" x="3480" z="648" r="60"/>
        <zone name="Graze" smin="0" smax="0" dmin="0" dmax="1" x="1540.8" z="1492.8" r="60"/>
        <zone name="Graze" smin="0" smax="0" dmin="0" dmax="1" x="1581.6" z="1819.2" r="60"/>
        <zone name="Graze" smin="0" smax="0" dmin="0" dmax="1" x="1365.6" z="1766.4" r="60"/>
        <zone name="Graze" smin="0" smax="0" dmin="0" dmax="1" x="823.2" z="804" r="60"/>
        <zone name="Graze" smin="0" smax="0" dmin="0" dmax="1" x="955.2" z="2500.8" r="60"/>
        <zone name="Graze" smin="0" smax="0" dmin="0" dmax="1" x="957.6" z="3624" r="60"/>
        <zone name="Graze" smin="0" smax="0" dmin="0" dmax="1" x="792" z="3868.8" r="60"/>
        <zone name="Graze" smin="0" smax="0" dmin="0" dmax="1" x="775.2" z="3724.8" r="60"/>
        <zone name="Graze" smin="0" smax="0" dmin="0" dmax="1" x="1668" z="5116.8" r="60"/>
        <zone name="Graze" smin="0" smax="0" dmin="0" dmax="1" x="1699.2" z="5313.6" r="60"/>
        <zone name="Graze" smin="0" smax="0" dmin="0" dmax="1" x="1788" z="5176.8" r="60"/>
        <zone name="Graze" smin="0" smax="0" dmin="0" dmax="1" x="1965.6" z="5728.8" r="60"/>
        <zone name="Graze" smin="0" smax="0" dmin="0" dmax="1" x="2131.2" z="5436" r="60"/>
        <zone name="Graze" smin="0" smax="0" dmin="0" dmax="1" x="960" z="5568" r="60"/>
        <zone name="Graze" smin="0" smax="0" dmin="0" dmax="1" x="571.2" z="6028.8" r="60"/>
        <zone name="Graze" smin="0" smax="0" dmin="0" dmax="1" x="1672.8" z="6266.4" r="60"/>
        <zone name="Graze" smin="0" smax="0" dmin="0" dmax="1" x="2181.6" z="6218.4" r="60"/>
        <zone name="Graze" smin="0" smax="0" dmin="0" dmax="1" x="1512" z="6866.4" r="60"/>
        <zone name="Graze" smin="0" smax="0" dmin="0" dmax="1" x="1264.8" z="7116" r="60"/>
        <zone name="Graze" smin="0" smax="0" dmin="0" dmax="1" x="540" z="6835.2" r="60"/>
        <zone name="Graze" smin="0" smax="0" dmin="0" dmax="1" x="2760" z="5767.2" r="60"/>
        <zone name="Graze" smin="0" smax="0" dmin="0" dmax="1" x="2930.4" z="5767.2" r="60"/>
        <zone name="Graze" smin="0" smax="0" dmin="0" dmax="1" x="4152" z="5649.6" r="60"/>
        <zone name="Graze" smin="0" smax="0" dmin="0" dmax="1" x="4178.4" z="5167.2" r="60"/>
        <zone name="Graze" smin="0" smax="0" dmin="0" dmax="1" x="4752" z="4824" r="60"/>
        <zone name="Graze" smin="0" smax="0" dmin="0" dmax="1" x="5028" z="5325.6" r="60"/>
        <zone name="Graze" smin="0" smax="0" dmin="0" dmax="1" x="4898.4" z="5344.8" r="60"/>
        <zone name="Graze" smin="0" smax="0" dmin="0" dmax="1" x="4620" z="5736" r="60"/>
        <zone name="Graze" smin="0" smax="0" dmin="0" dmax="1" x="1872" z="1088" r="60"/>
        <zone name="Graze" smin="0" smax="0" dmin="0" dmax="1" x="4056" z="2376" r="60"/>
        <zone name="Graze" smin="0" smax="0" dmin="0" dmax="1" x="264" z="1635.69" r="60"/>
        <zone name="Graze" smin="0" smax="0" dmin="0" dmax="1" x="312" z="7171.2" r="60"/>
        <zone name="Graze" smin="0" smax="0" dmin="0" dmax="1" x="307.2" z="6528" r="60"/>
        <zone name="Graze" smin="0" smax="0" dmin="0" dmax="1" x="3772.8" z="2764.8" r="60"/>
        <zone name="Graze" smin="0" smax="0" dmin="0" dmax="1" x="1548" z="918" r="60"/>
        <zone name="Graze" smin="0" smax="0" dmin="0" dmax="1" x="7795.2" z="2524.8" r="60"/>
        <zone name="Graze" smin="0" smax="0" dmin="0" dmax="1" x="5199.43" z="6013.71" r="60"/>
        <zone name="Graze" smin="0" smax="0" dmin="0" dmax="1" x="5060.57" z="6174.86" r="60"/>
        <zone name="Graze" smin="0" smax="0" dmin="0" dmax="1" x="5593.71" z="5852.57" r="60"/>
        <zone name="Graze" smin="0" smax="0" dmin="0" dmax="1" x="6224.57" z="6111.43" r="60"/>
        <zone name="Graze" smin="0" smax="0" dmin="0" dmax="1" x="6480" z="6243.43" r="60"/>
        <zone name="Graze" smin="0" smax="0" dmin="0" dmax="1" x="6325.71" z="6670.29" r="60"/>
        <zone name="Graze" smin="0" smax="0" dmin="0" dmax="1" x="5002.29" z="7633.71" r="60"/>
        <zone name="Graze" smin="0" smax="0" dmin="0" dmax="1" x="4990.29" z="7908" r="60"/>
        <zone name="Graze" smin="0" smax="0" dmin="0" dmax="1" x="4661.14" z="7558.29" r="60"/>
        <zone name="Graze" smin="0" smax="0" dmin="0" dmax="1" x="4904.57" z="8197.71" r="60"/>
        <zone name="Graze" smin="0" smax="0" dmin="0" dmax="1" x="4272" z="10314.9" r="60"/>
        <zone name="Graze" smin="0" smax="0" dmin="0" dmax="1" x="3937.71" z="10297.7" r="60"/>
        <zone name="Graze" smin="0" smax="0" dmin="0" dmax="1" x="3965.14" z="10146.9" r="60"/>
        <zone name="Graze" smin="0" smax="0" dmin="0" dmax="1" x="3987.43" z="11698.3" r="60"/>
        <zone name="Graze" smin="0" smax="0" dmin="0" dmax="1" x="4345.71" z="11705.1" r="60"/>
        <zone name="Graze" smin="0" smax="0" dmin="0" dmax="1" x="4774.29" z="11979.4" r="60"/>
        <zone name="Graze" smin="0" smax="0" dmin="0" dmax="1" x="9543.43" z="10134.9" r="60"/>
        <zone name="Graze" smin="0" smax="0" dmin="0" dmax="1" x="9677.14" z="10044" r="60"/>
        <zone name="Graze" smin="0" smax="0" dmin="0" dmax="1" x="2426.4" z="706.8" r="60"/>
        <zone name="Graze" smin="0" smax="0" dmin="0" dmax="1" x="2079.6" z="822" r="60"/>
        <zone name="Graze" smin="0" smax="0" dmin="0" dmax="1" x="6828.48" z="11315.5" r="60"/>
        <zone name="Graze" smin="0" smax="0" dmin="0" dmax="1" x="6775.68" z="11436.5" r="60"/>
        <zone name="Graze" smin="0" smax="0" dmin="0" dmax="1" x="3197.14" z="7369.71" r="60"/>
        <zone name="Graze" smin="0" smax="0" dmin="0" dmax="1" x="3685.71" z="7354.29" r="60"/>
        <zone name="Graze" smin="0" smax="0" dmin="0" dmax="1" x="2434.29" z="7484.57" r="60"/>
        <zone name="Graze" smin="0" smax="0" dmin="0" dmax="1" x="2444.57" z="7803.43" r="60"/>
        <zone name="Graze" smin="0" smax="0" dmin="0" dmax="1" x="2746.29" z="7806.86" r="60"/>
        <zone name="Graze" smin="0" smax="0" dmin="0" dmax="1" x="1549.71" z="9005.14" r="60"/>
        <zone name="Graze" smin="0" smax="0" dmin="0" dmax="1" x="2825.14" z="11281.7" r="60"/>
        <zone name="Graze" smin="0" smax="0" dmin="0" dmax="1" x="2878.29" z="11456.6" r="60"/>
        <zone name="Graze" smin="0" smax="0" dmin="0" dmax="1" x="2110.29" z="11912.6" r="60"/>
        <zone name="Graze" smin="0" smax="0" dmin="0" dmax="1" x="2246" z="10818" r="60"/>
        <zone name="Graze" smin="0" smax="0" dmin="0" dmax="1" x="6922" z="1832" r="60"/>
        <zone name="Graze" smin="0" smax="0" dmin="0" dmax="1" x="6846" z="1958" r="60"/>
        <zone name="Graze" smin="0" smax="0" dmin="0" dmax="1" x="6380" z="3250" r="60"/>
        <zone name="Graze" smin="0" smax="0" dmin="0" dmax="1" x="6238" z="3212" r="60"/>
        <zone name="Graze" smin="0" smax="0" dmin="0" dmax="1" x="5240" z="4106" r="60"/>
        <zone name="Graze" smin="0" smax="0" dmin="0" dmax="1" x="4636" z="3736" r="60"/>
        <zone name="Graze" smin="0" smax="0" dmin="0" dmax="1" x="3906" z="4246" r="60"/>
        <zone name="Graze" smin="0" smax="0" dmin="0" dmax="1" x="3766" z="4162" r="60"/>
        <zone name="Graze" smin="0" smax="0" dmin="0" dmax="1" x="3026" z="4232" r="60"/>
        <zone name="Graze" smin="0" smax="0" dmin="0" dmax="1" x="2934" z="4152" r="60"/>
        <zone name="Graze" smin="0" smax="0" dmin="0" dmax="1" x="10192" z="3990" r="60"/>
        <zone name="Graze" smin="0" smax="0" dmin="0" dmax="1" x="11422" z="3834" r="60"/>
        <zone name="Graze" smin="0" smax="0" dmin="0" dmax="1" x="11184" z="4744" r="60"/>
        <zone name="Graze" smin="0" smax="0" dmin="0" dmax="1" x="11238" z="4876" r="60"/>
        <zone name="Graze" smin="0" smax="0" dmin="0" dmax="1" x="11182" z="5908" r="60"/>
        <zone name="Graze" smin="0" smax="0" dmin="0" dmax="1" x="5749.09" z="7481.45" r="60"/>
        <zone name="Graze" smin="0" smax="0" dmin="0" dmax="1" x="6237.82" z="7071.27" r="60"/>
        <zone name="Graze" smin="0" smax="0" dmin="0" dmax="1" x="4643.2" z="9481.6" r="60"/>
        <zone name="Graze" smin="0" smax="0" dmin="0" dmax="1" x="1811.2" z="9966.4" r="60"/>
        <zone name="Graze" smin="0" smax="0" dmin="0" dmax="1" x="1622.4" z="10001.6" r="60"/>
        <zone name="Graze" smin="0" smax="0" dmin="0" dmax="1" x="1024" z="9659.2" r="60"/>
        <zone name="Graze" smin="0" smax="0" dmin="0" dmax="1" x="1729.6" z="8564.8" r="60"/>
        <zone name="Graze" smin="0" smax="0" dmin="0" dmax="1" x="1827.2" z="8440" r="60"/>
        <zone name="Graze" smin="0" smax="0" dmin="0" dmax="1" x="643.2" z="8868.8" r="60"/>
        <zone name="Graze" smin="0" smax="0" dmin="0" dmax="1" x="2821.09" z="7189.09" r="60"/>
        <zone name="Graze" smin="0" smax="0" dmin="0" dmax="1" x="3237.82" z="7734.55" r="60"/>
        <zone name="Graze" smin="0" smax="0" dmin="0" dmax="1" x="3370.91" z="7097.45" r="60"/>
        <zone name="Graze" smin="0" smax="0" dmin="0" dmax="1" x="7837.33" z="11394.7" r="60"/>
        <zone name="Graze" smin="0" smax="0" dmin="0" dmax="1" x="8189.33" z="11728" r="60"/>
        <zone name="Graze" smin="0" smax="0" dmin="0" dmax="1" x="7946.67" z="11834.7" r="60"/>
        <zone name="Graze" smin="0" smax="0" dmin="0" dmax="1" x="7560" z="10644.9" r="60"/>
        <zone name="Graze" smin="0" smax="0" dmin="0" dmax="1" x="6093.82" z="10326.5" r="60"/>
        <zone name="Graze" smin="0" smax="0" dmin="0" dmax="1" x="4684.36" z="9942.55" r="60"/>
        <zone name="Graze" smin="0" smax="0" dmin="0" dmax="1" x="4420.36" z="10970.2" r="60"/>
        <zone name="Graze" smin="0" smax="0" dmin="0" dmax="1" x="1516.36" z="8053.09" r="60"/>
        <zone name="Graze" smin="0" smax="0" dmin="0" dmax="1" x="9825.6" z="7216.8" r="60"/>
        <zone name="Graze" smin="0" smax="0" dmin="0" dmax="1" x="9283.2" z="6696" r="60"/>
    </territory>
</territory-type>
