<?xml version="1.0" encoding="UTF-8"?>
<territory-type>
    <territory color="2193199729">
        <zone name="InfectedVillage" smin="0" smax="0" dmin="2" dmax="4" x="10265" z="2865.83" r="60"/>
        <zone name="InfectedVillage" smin="0" smax="0" dmin="2" dmax="4" x="10347.2" z="3113.19" r="60"/>
        <zone name="InfectedVillage" smin="0" smax="0" dmin="2" dmax="4" x="8502.63" z="3109.61" r="60"/>
        <zone name="InfectedVillage" smin="0" smax="0" dmin="2" dmax="3" x="9286.1" z="1576.88" r="60"/>
        <zone name="InfectedVillage" smin="0" smax="0" dmin="2" dmax="4" x="10401.5" z="2873.94" r="60"/>
        <zone name="InfectedVillage" smin="0" smax="0" dmin="2" dmax="5" x="8406.11" z="3268.66" r="60"/>
        <zone name="InfectedVillage" smin="0" smax="0" dmin="2" dmax="4" x="10786.5" z="2427.1" r="60"/>
        <zone name="InfectedVillage" smin="0" smax="0" dmin="2" dmax="4" x="10606.1" z="2467.92" r="60"/>
        <zone name="InfectedVillage" smin="0" smax="0" dmin="2" dmax="4" x="8376.26" z="3003.68" r="60"/>
        <zone name="InfectedVillage" smin="0" smax="0" dmin="1" dmax="3" x="9503.48" z="1524.65" r="60"/>
        <zone name="InfectedVillage" smin="0" smax="0" dmin="2" dmax="4" x="8366.89" z="3137.84" r="60"/>
        <zone name="InfectedVillage" smin="0" smax="0" dmin="2" dmax="3" x="9404.28" z="1627.41" r="60"/>
        <zone name="InfectedVillage" smin="0" smax="0" dmin="2" dmax="4" x="10653.3" z="2336.14" r="60"/>
        <zone name="InfectedVillage" smin="0" smax="0" dmin="2" dmax="4" x="10775.4" z="2290.7" r="60"/>
        <zone name="InfectedVillage" smin="0" smax="0" dmin="2" dmax="4" x="10424.5" z="3005.4" r="60"/>
        <zone name="InfectedVillage" smin="0" smax="0" dmin="2" dmax="4" x="10278.6" z="2999.07" r="60"/>
        <zone name="InfectedVillage" smin="0" smax="0" dmin="2" dmax="4" x="8503.95" z="2973.31" r="60"/>
        <zone name="InfectedVillage" smin="0" smax="0" dmin="3" dmax="5" x="7860.83" z="4203.69" r="60"/>
        <zone name="InfectedVillage" smin="0" smax="0" dmin="3" dmax="5" x="7788.36" z="4097.12" r="60"/>
        <zone name="InfectedVillage" smin="0" smax="0" dmin="3" dmax="5" x="7928.18" z="4095.35" r="60"/>
        <zone name="InfectedVillage" smin="0" smax="0" dmin="2" dmax="4" x="8184" z="4231.71" r="60"/>
        <zone name="InfectedVillage" smin="0" smax="0" dmin="4" dmax="6" x="6631.2" z="5514" r="60"/>
        <zone name="InfectedVillage" smin="0" smax="0" dmin="4" dmax="6" x="6441.6" z="5494.8" r="60"/>
        <zone name="InfectedVillage" smin="0" smax="0" dmin="4" dmax="6" x="6540" z="5397.6" r="60"/>
        <zone name="InfectedVillage" smin="0" smax="0" dmin="4" dmax="6" x="10749.6" z="6992.4" r="60"/>
        <zone name="InfectedVillage" smin="0" smax="0" dmin="4" dmax="6" x="10623.6" z="7024.8" r="60"/>
        <zone name="InfectedVillage" smin="0" smax="0" dmin="4" dmax="6" x="10515.6" z="7136.4" r="60"/>
        <zone name="InfectedVillage" smin="0" smax="0" dmin="4" dmax="6" x="10707.6" z="7112.4" r="60"/>
        <zone name="InfectedVillage" smin="0" smax="0" dmin="4" dmax="6" x="10617.6" z="7216.8" r="60"/>
        <zone name="InfectedVillage" smin="0" smax="0" dmin="4" dmax="6" x="11305.2" z="10263.6" r="60"/>
        <zone name="InfectedVillage" smin="0" smax="0" dmin="4" dmax="6" x="11509.2" z="10309.2" r="60"/>
        <zone name="InfectedVillage" smin="0" smax="0" dmin="4" dmax="6" x="11442" z="10200" r="60"/>
        <zone name="InfectedVillage" smin="0" smax="0" dmin="4" dmax="6" x="11204.4" z="11358" r="60"/>
        <zone name="InfectedVillage" smin="0" smax="0" dmin="4" dmax="6" x="9622.57" z="5560.41" r="60"/>
        <zone name="InfectedVillage" smin="0" smax="0" dmin="4" dmax="6" x="9545.37" z="5695.15" r="60"/>
        <zone name="InfectedVillage" smin="0" smax="0" dmin="4" dmax="6" x="9670.61" z="5706.97" r="60"/>
        <zone name="InfectedVillage" smin="0" smax="0" dmin="4" dmax="6" x="9749.25" z="5610.96" r="60"/>
        <zone name="InfectedVillage" smin="0" smax="0" dmin="2" dmax="4" x="9475.93" z="1394.07" r="60"/>
        <zone name="InfectedVillage" smin="0" smax="0" dmin="1" dmax="3" x="6153.19" z="432" r="50"/>
        <zone name="InfectedVillage" smin="0" smax="0" dmin="1" dmax="3" x="5986.72" z="434.553" r="50"/>
        <zone name="InfectedVillage" smin="0" smax="0" dmin="1" dmax="3" x="5728.34" z="414.128" r="50"/>
        <zone name="InfectedVillage" smin="0" smax="0" dmin="1" dmax="3" x="5599.66" z="484.596" r="50"/>
        <zone name="InfectedVillage" smin="0" smax="0" dmin="1" dmax="3" x="5501.11" z="392.17" r="50"/>
        <zone name="InfectedVillage" smin="0" smax="0" dmin="1" dmax="3" x="4091.03" z="559.784" r="50"/>
        <zone name="InfectedVillage" smin="0" smax="0" dmin="1" dmax="3" x="3810.55" z="601.297" r="50"/>
        <zone name="InfectedVillage" smin="0" smax="0" dmin="1" dmax="3" x="3916.54" z="511.686" r="50"/>
        <zone name="InfectedVillage" smin="0" smax="0" dmin="2" dmax="4" x="1792.24" z="5201.8" r="50"/>
        <zone name="InfectedVillage" smin="0" smax="0" dmin="2" dmax="4" x="1682.57" z="5230.29" r="50"/>
        <zone name="InfectedVillage" smin="0" smax="0" dmin="2" dmax="4" x="1558.29" z="5101.71" r="50"/>
        <zone name="InfectedVillage" smin="0" smax="0" dmin="2" dmax="4" x="4898" z="5336" r="50"/>
        <zone name="InfectedVillage" smin="0" smax="0" dmin="2" dmax="4" x="4922" z="5227" r="50"/>
        <zone name="InfectedVillage" smin="0" smax="0" dmin="2" dmax="4" x="5012" z="5303.36" r="60"/>
        <zone name="InfectedVillage" smin="0" smax="0" dmin="2" dmax="4" x="4854.86" z="6070.29" r="60"/>
        <zone name="InfectedVillage" smin="0" smax="0" dmin="2" dmax="4" x="5038.29" z="6134.57" r="60"/>
        <zone name="InfectedVillage" smin="0" smax="0" dmin="2" dmax="4" x="5166.86" z="6183.43" r="60"/>
        <zone name="InfectedVillage" smin="0" smax="0" dmin="2" dmax="4" x="5249.14" z="6049.71" r="60"/>
        <zone name="InfectedVillage" smin="0" smax="0" dmin="2" dmax="4" x="6232" z="6117.71" r="60"/>
        <zone name="InfectedVillage" smin="0" smax="0" dmin="2" dmax="4" x="6472" z="6222.86" r="60"/>
        <zone name="InfectedVillage" smin="0" smax="0" dmin="2" dmax="4" x="6317.71" z="6341.71" r="60"/>
        <zone name="InfectedVillage" smin="0" smax="0" dmin="2" dmax="4" x="6438.86" z="6450.29" r="60"/>
        <zone name="InfectedVillage" smin="0" smax="0" dmin="2" dmax="4" x="6288" z="6650.29" r="60"/>
        <zone name="InfectedVillage" smin="0" smax="0" dmin="2" dmax="4" x="6214.86" z="7098.29" r="60"/>
        <zone name="InfectedVillage" smin="0" smax="0" dmin="2" dmax="4" x="3954.29" z="10128" r="60"/>
        <zone name="InfectedVillage" smin="0" smax="0" dmin="2" dmax="4" x="3970.29" z="10268.6" r="60"/>
        <zone name="InfectedVillage" smin="0" smax="0" dmin="2" dmax="4" x="4158.29" z="10360" r="60"/>
        <zone name="InfectedVillage" smin="0" smax="0" dmin="2" dmax="4" x="4201.14" z="10176" r="60"/>
        <zone name="InfectedVillage" smin="0" smax="0" dmin="2" dmax="4" x="4321.14" z="10049.1" r="60"/>
        <zone name="InfectedVillage" smin="0" smax="0" dmin="2" dmax="4" x="4443.43" z="10802.3" r="60"/>
        <zone name="InfectedVillage" smin="0" smax="0" dmin="2" dmax="4" x="4617.14" z="10950.9" r="60"/>
        <zone name="InfectedVillage" smin="0" smax="0" dmin="2" dmax="4" x="4450.29" z="10984" r="60"/>
        <zone name="InfectedVillage" smin="0" smax="0" dmin="2" dmax="4" x="4269.71" z="11116.6" r="60"/>
        <zone name="InfectedVillage" smin="0" smax="0" dmin="2" dmax="4" x="4080" z="10875.4" r="60"/>
        <zone name="InfectedVillage" smin="0" smax="0" dmin="2" dmax="4" x="4344" z="10891.4" r="60"/>
        <zone name="InfectedVillage" smin="0" smax="0" dmin="2" dmax="4" x="3981.71" z="11544" r="60"/>
        <zone name="InfectedVillage" smin="0" smax="0" dmin="2" dmax="4" x="4058.29" z="11688" r="60"/>
        <zone name="InfectedVillage" smin="0" smax="0" dmin="2" dmax="4" x="4158.86" z="11587.4" r="60"/>
        <zone name="InfectedVillage" smin="0" smax="0" dmin="2" dmax="4" x="4380.57" z="11776" r="60"/>
        <zone name="InfectedVillage" smin="0" smax="0" dmin="2" dmax="4" x="4204.57" z="11709.7" r="60"/>
        <zone name="InfectedVillage" smin="0" smax="0" dmin="2" dmax="4" x="9698.29" z="9990.86" r="60"/>
        <zone name="InfectedVillage" smin="0" smax="0" dmin="2" dmax="4" x="9561.14" z="9964.57" r="60"/>
        <zone name="InfectedVillage" smin="0" smax="0" dmin="2" dmax="4" x="9680" z="10123.4" r="60"/>
        <zone name="InfectedVillage" smin="0" smax="0" dmin="2" dmax="4" x="9554.29" z="10093.7" r="60"/>
        <zone name="InfectedVillage" smin="0" smax="0" dmin="3" dmax="5" x="2444.33" z="7400.67" r="50"/>
        <zone name="InfectedVillage" smin="0" smax="0" dmin="3" dmax="5" x="2319" z="7843" r="50"/>
        <zone name="InfectedVillage" smin="0" smax="0" dmin="3" dmax="5" x="2446" z="7997" r="50"/>
        <zone name="InfectedVillage" smin="0" smax="0" dmin="2" dmax="4" x="3604" z="7318" r="50"/>
        <zone name="InfectedVillage" smin="0" smax="0" dmin="2" dmax="4" x="3725" z="7383" r="50"/>
        <zone name="InfectedVillage" smin="0" smax="0" dmin="2" dmax="4" x="3589.16" z="6954.58" r="50"/>
        <zone name="InfectedVillage" smin="0" smax="0" dmin="3" dmax="5" x="3199.45" z="7187.59" r="50"/>
        <zone name="InfectedVillage" smin="0" smax="0" dmin="3" dmax="5" x="2717.71" z="7221.71" r="50"/>
        <zone name="InfectedVillage" smin="0" smax="0" dmin="3" dmax="5" x="2560.39" z="7470.93" r="50"/>
        <zone name="InfectedVillage" smin="0" smax="0" dmin="2" dmax="4" x="1560" z="8025.14" r="50"/>
        <zone name="InfectedVillage" smin="0" smax="0" dmin="2" dmax="4" x="2426.29" z="7134.86" r="50"/>
        <zone name="InfectedVillage" smin="0" smax="0" dmin="2" dmax="4" x="3577.14" z="7480" r="50"/>
        <zone name="InfectedVillage" smin="0" smax="0" dmin="2" dmax="4" x="1713.82" z="8648.73" r="50"/>
        <zone name="InfectedVillage" smin="0" smax="0" dmin="2" dmax="4" x="937.143" z="9651.14" r="50"/>
        <zone name="InfectedVillage" smin="0" smax="0" dmin="2" dmax="4" x="1118.29" z="9529.14" r="50"/>
        <zone name="InfectedVillage" smin="0" smax="0" dmin="2" dmax="4" x="1603.71" z="9930.86" r="50"/>
        <zone name="InfectedVillage" smin="0" smax="0" dmin="2" dmax="4" x="1720.1" z="9936.19" r="50"/>
        <zone name="InfectedVillage" smin="0" smax="0" dmin="2" dmax="4" x="1694.57" z="10046.6" r="50"/>
        <zone name="InfectedVillage" smin="0" smax="0" dmin="2" dmax="4" x="11200" z="4886.67" r="60"/>
        <zone name="InfectedVillage" smin="0" smax="0" dmin="2" dmax="4" x="11194.7" z="4765.33" r="60"/>
        <zone name="InfectedVillage" smin="0" smax="0" dmin="1" dmax="3" x="6949.15" z="1805.84" r="60"/>
        <zone name="InfectedVillage" smin="0" smax="0" dmin="1" dmax="3" x="6825.24" z="1843.64" r="60"/>
        <zone name="InfectedVillage" smin="0" smax="0" dmin="1" dmax="3" x="6951.47" z="1934.18" r="60"/>
        <zone name="InfectedVillage" smin="0" smax="0" dmin="1" dmax="3" x="6442.17" z="3176.05" r="60"/>
        <zone name="InfectedVillage" smin="0" smax="0" dmin="1" dmax="3" x="6270.42" z="3287.79" r="60"/>
        <zone name="InfectedVillage" smin="0" smax="0" dmin="1" dmax="3" x="6408" z="3302.4" r="60"/>
        <zone name="InfectedVillage" smin="0" smax="0" dmin="1" dmax="3" x="5126.12" z="4178.82" r="60"/>
        <zone name="InfectedVillage" smin="0" smax="0" dmin="1" dmax="3" x="5265.88" z="4119.53" r="60"/>
        <zone name="InfectedVillage" smin="0" smax="0" dmin="1" dmax="4" x="4603.77" z="3701.65" r="60"/>
        <zone name="InfectedVillage" smin="0" smax="0" dmin="1" dmax="4" x="4070.12" z="4144.94" r="60"/>
        <zone name="InfectedVillage" smin="0" smax="0" dmin="1" dmax="4" x="3793.41" z="4266.35" r="60"/>
        <zone name="InfectedVillage" smin="0" smax="0" dmin="1" dmax="4" x="3758.11" z="4129.41" r="60"/>
        <zone name="InfectedVillage" smin="0" smax="0" dmin="1" dmax="4" x="3000" z="4249.41" r="60"/>
        <zone name="InfectedVillage" smin="0" smax="0" dmin="1" dmax="4" x="2905.41" z="4156.23" r="60"/>
        <zone name="InfectedVillage" smin="0" smax="0" dmin="2" dmax="3" x="9370.29" z="1474.29" r="60"/>
        <zone name="InfectedVillage" smin="0" smax="0" dmin="2" dmax="4" x="11322" z="4827.6" r="60"/>
        <zone name="InfectedVillage" smin="0" smax="0" dmin="2" dmax="4" x="11088" z="5856" r="60"/>
        <zone name="InfectedVillage" smin="0" smax="0" dmin="2" dmax="4" x="11220" z="5983.2" r="60"/>
        <zone name="InfectedVillage" smin="0" smax="0" dmin="2" dmax="4" x="11215.2" z="5859.6" r="60"/>
        <zone name="InfectedVillage" smin="0" smax="0" dmin="1" dmax="3" x="6828.71" z="1975.06" r="60"/>
        <zone name="InfectedVillage" smin="0" smax="0" dmin="1" dmax="3" x="6317.65" z="3166.59" r="60"/>
        <zone name="InfectedVillage" smin="0" smax="0" dmin="1" dmax="4" x="4692.71" z="3789.18" r="60"/>
        <zone name="InfectedVillage" smin="0" smax="0" dmin="1" dmax="4" x="3893.65" z="4122.35" r="60"/>
        <zone name="InfectedVillage" smin="0" smax="0" dmin="1" dmax="4" x="3926.12" z="4250.82" r="60"/>
        <zone name="InfectedVillage" smin="0" smax="0" dmin="1" dmax="4" x="3043.76" z="4123.76" r="60"/>
        <zone name="InfectedVillage" smin="0" smax="0" dmin="1" dmax="3" x="3958.59" z="614.118" r="50"/>
        <zone name="InfectedVillage" smin="0" smax="0" dmin="1" dmax="3" x="5620.24" z="365.647" r="50"/>
        <zone name="InfectedVillage" smin="0" smax="0" dmin="2" dmax="4" x="1692.71" z="5119.06" r="50"/>
        <zone name="InfectedVillage" smin="0" smax="0" dmin="2" dmax="4" x="1810.67" z="10001.3" r="50"/>
        <zone name="InfectedVillage" smin="0" smax="0" dmin="2" dmax="4" x="1078.67" z="9665.33" r="50"/>
        <zone name="InfectedVillage" smin="0" smax="0" dmin="2" dmax="4" x="1016" z="9566.67" r="50"/>
        <zone name="InfectedVillage" smin="0" smax="0" dmin="2" dmax="4" x="1814.67" z="8562.67" r="50"/>
        <zone name="InfectedVillage" smin="0" smax="0" dmin="2" dmax="4" x="1784" z="8478.67" r="50"/>
        <zone name="InfectedVillage" smin="0" smax="0" dmin="2" dmax="4" x="1897.33" z="8408" r="50"/>
        <zone name="InfectedVillage" smin="0" smax="0" dmin="3" dmax="5" x="2438.67" z="7522.67" r="50"/>
        <zone name="InfectedVillage" smin="0" smax="0" dmin="3" dmax="5" x="3732" z="7253.33" r="50"/>
        <zone name="InfectedVillage" smin="0" smax="0" dmin="3" dmax="5" x="3197.33" z="7366.67" r="50"/>
        <zone name="InfectedVillage" smin="0" smax="0" dmin="3" dmax="5" x="3326.67" z="7224" r="50"/>
        <zone name="InfectedVillage" smin="0" smax="0" dmin="2" dmax="4" x="4272" z="10288" r="60"/>
    </territory>
    <territory color="1124502272">
        <zone name="InfectedArmy" smin="0" smax="0" dmin="1" dmax="3" x="11376.3" z="3765.85" r="60"/>
        <zone name="InfectedArmy" smin="0" smax="0" dmin="1" dmax="3" x="10841.5" z="3003.67" r="60"/>
        <zone name="InfectedArmy" smin="0" smax="0" dmin="2" dmax="4" x="8701.45" z="1162.1" r="80"/>
        <zone name="InfectedArmy" smin="0" smax="0" dmin="1" dmax="3" x="8543.05" z="1145.32" r="60"/>
        <zone name="InfectedArmy" smin="0" smax="0" dmin="2" dmax="5" x="8434.08" z="1218.69" r="60"/>
        <zone name="InfectedArmy" smin="0" smax="0" dmin="2" dmax="4" x="10840" z="1171.92" r="60"/>
        <zone name="InfectedArmy" smin="0" smax="0" dmin="1" dmax="4" x="8594.92" z="1288.9" r="80"/>
        <zone name="InfectedArmy" smin="0" smax="0" dmin="2" dmax="4" x="11447.6" z="3890.25" r="60"/>
        <zone name="InfectedArmy" smin="0" smax="0" dmin="2" dmax="4" x="10720.1" z="1144.83" r="60"/>
        <zone name="InfectedArmy" smin="0" smax="0" dmin="2" dmax="4" x="8078.3" z="5153.18" r="80"/>
        <zone name="InfectedArmy" smin="0" smax="0" dmin="2" dmax="4" x="8705.73" z="2901.92" r="60"/>
        <zone name="InfectedArmy" smin="0" smax="2" dmin="3" dmax="4" x="8763.73" z="2776.22" r="80"/>
        <zone name="InfectedArmy" smin="0" smax="0" dmin="2" dmax="4" x="8563.31" z="2953.34" r="80"/>
        <zone name="InfectedArmy" smin="0" smax="0" dmin="2" dmax="4" x="8451.37" z="1349.92" r="60"/>
        <zone name="InfectedArmy" smin="0" smax="0" dmin="2" dmax="5" x="8198.21" z="1275.46" r="60"/>
        <zone name="InfectedArmy" smin="0" smax="0" dmin="1" dmax="3" x="11350.6" z="4070.4" r="60"/>
        <zone name="InfectedArmy" smin="0" smax="0" dmin="1" dmax="3" x="7807.68" z="529.92" r="50"/>
        <zone name="InfectedArmy" smin="0" smax="0" dmin="2" dmax="4" x="7276.8" z="5949.6" r="80"/>
        <zone name="InfectedArmy" smin="0" smax="0" dmin="2" dmax="4" x="8220" z="5772" r="50"/>
        <zone name="InfectedArmy" smin="0" smax="0" dmin="4" dmax="6" x="5017.77" z="7538.25" r="80"/>
        <zone name="InfectedArmy" smin="0" smax="0" dmin="2" dmax="4" x="11185.5" z="8002.5" r="80"/>
        <zone name="InfectedArmy" smin="0" smax="0" dmin="4" dmax="6" x="12064" z="8853.21" r="50"/>
        <zone name="InfectedArmy" smin="0" smax="0" dmin="3" dmax="5" x="12029.9" z="8755.4" r="50"/>
        <zone name="InfectedArmy" smin="0" smax="0" dmin="4" dmax="6" x="10968" z="12240" r="80"/>
        <zone name="InfectedArmyHard" smin="0" smax="0" dmin="7" dmax="10" x="10865.2" z="11357.7" r="80"/>
        <zone name="InfectedArmy" smin="0" smax="0" dmin="7" dmax="10" x="10846.6" z="11197.4" r="80"/>
        <zone name="InfectedArmy" smin="0" smax="0" dmin="7" dmax="10" x="11112.1" z="11208.7" r="80"/>
        <zone name="InfectedArmy" smin="0" smax="0" dmin="2" dmax="4" x="11251" z="11255" r="50"/>
        <zone name="InfectedArmy" smin="0" smax="0" dmin="2" dmax="4" x="7683.49" z="5734.29" r="60"/>
        <zone name="InfectedArmy" smin="0" smax="0" dmin="2" dmax="4" x="7686.86" z="5609.66" r="60"/>
        <zone name="InfectedArmy" smin="0" smax="0" dmin="3" dmax="4" x="10999.7" z="11412.4" r="60"/>
        <zone name="InfectedArmy" smin="0" smax="0" dmin="3" dmax="4" x="11121.3" z="11448.8" r="60"/>
        <zone name="InfectedArmy" smin="0" smax="0" dmin="3" dmax="4" x="11216.5" z="11367.5" r="60"/>
        <zone name="InfectedArmy" smin="0" smax="0" dmin="2" dmax="4" x="11085.7" z="11339.6" r="50"/>
        <zone name="InfectedArmyHard" smin="0" smax="0" dmin="3" dmax="4" x="10988.1" z="11280" r="60"/>
        <zone name="InfectedArmy" smin="0" smax="0" dmin="4" dmax="6" x="12128.3" z="8937.1" r="50"/>
        <zone name="InfectedArmy" smin="0" smax="0" dmin="2" dmax="4" x="725.333" z="3761.78" r="70"/>
        <zone name="InfectedArmy" smin="0" smax="0" dmin="2" dmax="5" x="922.667" z="3697.78" r="80"/>
        <zone name="InfectedArmy" smin="0" smax="0" dmin="1" dmax="3" x="899.181" z="3882.97" r="80"/>
        <zone name="InfectedArmy" smin="0" smax="0" dmin="2" dmax="5" x="904" z="4130.67" r="60"/>
        <zone name="InfectedArmy" smin="0" smax="0" dmin="2" dmax="5" x="824.889" z="4021.33" r="70"/>
        <zone name="InfectedArmy" smin="0" smax="0" dmin="2" dmax="5" x="1037.15" z="3933.99" r="60"/>
        <zone name="InfectedArmy" smin="0" smax="0" dmin="3" dmax="6" x="1057.78" z="3770.67" r="60"/>
        <zone name="InfectedArmy" smin="0" smax="0" dmin="4" dmax="8" x="815.992" z="7565.96" r="80"/>
        <zone name="InfectedArmy" smin="0" smax="0" dmin="2" dmax="4" x="997.5" z="1197.75" r="70"/>
        <zone name="InfectedArmyHard" smin="0" smax="0" dmin="3" dmax="4" x="4860.23" z="7545.82" r="60"/>
        <zone name="InfectedArmy" smin="0" smax="0" dmin="3" dmax="4" x="5118.55" z="7409.45" r="60"/>
        <zone name="InfectedArmyHard" smin="0" smax="0" dmin="3" dmax="4" x="4891.64" z="8084.73" r="80"/>
        <zone name="InfectedArmyHard" smin="0" smax="0" dmin="3" dmax="5" x="5671.69" z="11690.6" r="60"/>
        <zone name="InfectedArmy" smin="0" smax="0" dmin="3" dmax="6" x="5547.19" z="11662.7" r="60"/>
        <zone name="InfectedArmy" smin="0" smax="0" dmin="1" dmax="3" x="1911.31" z="9305.54" r="50"/>
        <zone name="InfectedArmy" smin="0" smax="0" dmin="3" dmax="6" x="4698.46" z="12208.6" r="80"/>
        <zone name="InfectedArmy" smin="0" smax="0" dmin="4" dmax="6" x="4759.03" z="7437.26" r="80"/>
        <zone name="InfectedArmy" smin="0" smax="0" dmin="3" dmax="6" x="5577.81" z="11785.8" r="60"/>
        <zone name="InfectedArmy" smin="0" smax="0" dmin="3" dmax="4" x="5063.18" z="7683.13" r="60"/>
        <zone name="InfectedArmy" smin="0" smax="0" dmin="3" dmax="4" x="4973.88" z="7778.14" r="60"/>
        <zone name="InfectedArmy" smin="0" smax="0" dmin="3" dmax="4" x="5071.36" z="7865.03" r="60"/>
        <zone name="InfectedArmy" smin="0" smax="0" dmin="3" dmax="4" x="4987.55" z="7968.22" r="60"/>
        <zone name="InfectedArmy" smin="0" smax="0" dmin="3" dmax="4" x="4710.32" z="7983.89" r="60"/>
        <zone name="InfectedArmy" smin="0" smax="0" dmin="3" dmax="4" x="4642.11" z="7872" r="60"/>
        <zone name="InfectedArmy" smin="0" smax="0" dmin="3" dmax="4" x="4722.67" z="7770.78" r="60"/>
        <zone name="InfectedArmy" smin="0" smax="0" dmin="3" dmax="4" x="4654.41" z="7661.99" r="60"/>
        <zone name="InfectedArmy" smin="0" smax="0" dmin="3" dmax="4" x="4829.22" z="8224.7" r="60"/>
        <zone name="InfectedArmyHard" smin="0" smax="0" dmin="3" dmax="4" x="7168.7" z="9601.41" r="60"/>
        <zone name="InfectedArmyHard" smin="0" smax="0" dmin="3" dmax="4" x="7278.78" z="9513.91" r="60"/>
        <zone name="InfectedArmy" smin="0" smax="0" dmin="3" dmax="4" x="7158.26" z="9466.75" r="60"/>
        <zone name="InfectedArmy" smin="0" smax="0" dmin="3" dmax="4" x="7423.83" z="9537.91" r="60"/>
        <zone name="InfectedArmyHard" smin="0" smax="0" dmin="3" dmax="6" x="3455.38" z="7657.25" r="50"/>
        <zone name="InfectedArmy" smin="0" smax="0" dmin="3" dmax="6" x="3454" z="7547.74" r="50"/>
        <zone name="InfectedArmyHard" smin="0" smax="0" dmin="3" dmax="6" x="2711.61" z="7479.13" r="50"/>
        <zone name="InfectedArmy" smin="0" smax="0" dmin="3" dmax="6" x="2823.25" z="7456.44" r="50"/>
        <zone name="InfectedArmyHard" smin="0" smax="0" dmin="3" dmax="6" x="2884.26" z="7550.25" r="50"/>
        <zone name="InfectedArmy" smin="0" smax="0" dmin="4" dmax="6" x="2773.72" z="7574.69" r="50"/>
        <zone name="InfectedArmy" smin="0" smax="0" dmin="3" dmax="5" x="3308" z="7842.67" r="80"/>
        <zone name="InfectedArmy" smin="0" smax="0" dmin="3" dmax="6" x="2997.75" z="7566" r="50"/>
        <zone name="InfectedArmy" smin="0" smax="0" dmin="2" dmax="4" x="1624.32" z="1765.44" r="60"/>
        <zone name="InfectedArmy" smin="0" smax="0" dmin="1" dmax="3" x="1467.91" z="9484.27" r="50"/>
        <zone name="InfectedArmy" smin="0" smax="0" dmin="1" dmax="3" x="2915.82" z="9835.91" r="50"/>
        <zone name="InfectedArmy" smin="0" smax="0" dmin="1" dmax="3" x="3009.5" z="10413" r="50"/>
        <zone name="InfectedArmy" smin="0" smax="0" dmin="1" dmax="3" x="428" z="11756" r="50"/>
        <zone name="InfectedArmy" smin="0" smax="0" dmin="1" dmax="3" x="1252" z="11911" r="50"/>
        <zone name="InfectedArmyHard" smin="0" smax="0" dmin="2" dmax="5" x="1562.06" z="10423.4" r="60"/>
        <zone name="InfectedArmy" smin="0" smax="0" dmin="2" dmax="5" x="1464.76" z="10507.2" r="50"/>
        <zone name="InfectedArmy" smin="0" smax="0" dmin="3" dmax="7" x="982" z="10583" r="50"/>
        <zone name="InfectedArmy" smin="0" smax="0" dmin="3" dmax="7" x="892" z="10532" r="50"/>
        <zone name="InfectedArmyHard" smin="0" smax="0" dmin="3" dmax="7" x="983" z="10471" r="50"/>
        <zone name="InfectedArmy" smin="0" smax="0" dmin="1" dmax="3" x="1089" z="10840" r="60"/>
        <zone name="InfectedArmyHard" smin="0" smax="0" dmin="2" dmax="5" x="1280.78" z="10518.5" r="60"/>
        <zone name="InfectedArmy" smin="0" smax="0" dmin="1" dmax="3" x="973" z="10220" r="60"/>
        <zone name="InfectedArmyHard" smin="0" smax="0" dmin="2" dmax="5" x="772" z="10622" r="50"/>
    </territory>
    <territory color="3082523903">
        <zone name="InfectedIndustrial" smin="0" smax="0" dmin="1" dmax="3" x="9150.8" z="1557.55" r="60"/>
        <zone name="InfectedIndustrial" smin="0" smax="0" dmin="1" dmax="4" x="9254.92" z="1441.97" r="80"/>
        <zone name="InfectedIndustrial" smin="0" smax="0" dmin="1" dmax="4" x="8530.5" z="1403.05" r="70"/>
        <zone name="InfectedIndustrial" smin="0" smax="0" dmin="2" dmax="4" x="10679.5" z="2407" r="60"/>
        <zone name="InfectedIndustrial" smin="0" smax="0" dmin="2" dmax="5" x="9688.5" z="2351.25" r="60"/>
        <zone name="InfectedIndustrial" smin="0" smax="0" dmin="2" dmax="4" x="7541.4" z="472.276" r="60"/>
        <zone name="InfectedIndustrial" smin="0" smax="0" dmin="2" dmax="4" x="11106.3" z="2003.05" r="60"/>
        <zone name="InfectedIndustrial" smin="0" smax="0" dmin="2" dmax="4" x="8515.2" z="3203.72" r="60"/>
        <zone name="InfectedIndustrial" smin="0" smax="0" dmin="2" dmax="4" x="7896" z="607.5" r="60"/>
        <zone name="InfectedIndustrial" smin="0" smax="0" dmin="2" dmax="4" x="10043.3" z="3975.53" r="50"/>
        <zone name="InfectedIndustrial" smin="0" smax="0" dmin="1" dmax="3" x="10817.5" z="11388.2" r="60"/>
        <zone name="InfectedIndustrial" smin="0" smax="0" dmin="1" dmax="3" x="10696.6" z="11352.9" r="60"/>
        <zone name="InfectedIndustrial" smin="0" smax="0" dmin="1" dmax="3" x="10787.1" z="11269.8" r="60"/>
        <zone name="InfectedIndustrial" smin="0" smax="0" dmin="4" dmax="6" x="10051.5" z="9255" r="60"/>
        <zone name="InfectedIndustrial" smin="0" smax="0" dmin="4" dmax="6" x="10231.5" z="8478" r="60"/>
        <zone name="InfectedIndustrial" smin="0" smax="0" dmin="1" dmax="4" x="9879" z="7287" r="60"/>
        <zone name="InfectedIndustrial" smin="0" smax="0" dmin="1" dmax="4" x="9745.5" z="7151.76" r="60"/>
        <zone name="InfectedIndustrial" smin="0" smax="0" dmin="4" dmax="6" x="8184" z="5742" r="60"/>
        <zone name="InfectedIndustrial" smin="0" smax="0" dmin="4" dmax="6" x="8848.5" z="6546" r="60"/>
        <zone name="InfectedIndustrial" smin="0" smax="0" dmin="1" dmax="3" x="7013.1" z="3866.4" r="60"/>
        <zone name="InfectedIndustrial" smin="0" smax="0" dmin="3" dmax="5" x="7182.1" z="3927.5" r="60"/>
        <zone name="InfectedIndustrial" smin="0" smax="0" dmin="3" dmax="5" x="7306.3" z="3886.9" r="60"/>
        <zone name="InfectedIndustrial" smin="0" smax="0" dmin="4" dmax="6" x="6195" z="4480.5" r="60"/>
        <zone name="InfectedIndustrial" smin="0" smax="0" dmin="4" dmax="6" x="6169" z="4626" r="60"/>
        <zone name="InfectedIndustrial" smin="0" smax="0" dmin="4" dmax="6" x="6091.8" z="4768.6" r="60"/>
        <zone name="InfectedIndustrial" smin="0" smax="0" dmin="4" dmax="6" x="5988" z="4902.3" r="60"/>
        <zone name="InfectedIndustrial" smin="0" smax="0" dmin="4" dmax="6" x="5715.3" z="5057.1" r="60"/>
        <zone name="InfectedIndustrial" smin="0" smax="0" dmin="4" dmax="6" x="5710.5" z="4933.5" r="60"/>
        <zone name="InfectedIndustrial" smin="0" smax="0" dmin="1" dmax="3" x="5734.5" z="4483.5" r="60"/>
        <zone name="InfectedIndustrial" smin="0" smax="0" dmin="1" dmax="3" x="5726.1" z="4360.5" r="60"/>
        <zone name="InfectedIndustrial" smin="0" smax="0" dmin="1" dmax="3" x="5716.5" z="4132.5" r="60"/>
        <zone name="InfectedIndustrial" smin="0" smax="0" dmin="4" dmax="6" x="8085" z="4711.5" r="60"/>
        <zone name="InfectedIndustrial" smin="0" smax="0" dmin="4" dmax="6" x="8209.5" z="4720.5" r="60"/>
        <zone name="InfectedIndustrial" smin="0" smax="0" dmin="4" dmax="6" x="8134.5" z="4830" r="60"/>
        <zone name="InfectedIndustrial" smin="0" smax="0" dmin="4" dmax="6" x="8136" z="4971" r="60"/>
        <zone name="InfectedIndustrial" smin="0" smax="0" dmin="2" dmax="4" x="6781.71" z="4474.29" r="60"/>
        <zone name="InfectedIndustrial" smin="0" smax="0" dmin="4" dmax="6" x="7968.86" z="5538.86" r="60"/>
        <zone name="InfectedIndustrial" smin="0" smax="0" dmin="1" dmax="4" x="8664" z="1222.5" r="70"/>
        <zone name="InfectedIndustrial" smin="0" smax="0" dmin="2" dmax="4" x="1881.85" z="1104" r="70"/>
        <zone name="InfectedIndustrial" smin="0" smax="0" dmin="2" dmax="4" x="1748.8" z="5294.4" r="50"/>
        <zone name="InfectedIndustrial" smin="0" smax="0" dmin="2" dmax="5" x="2829.71" z="5603.43" r="60"/>
        <zone name="InfectedIndustrial" smin="0" smax="0" dmin="2" dmax="5" x="2736" z="5803.43" r="60"/>
        <zone name="InfectedIndustrial" smin="0" smax="0" dmin="2" dmax="5" x="2890.29" z="5705.14" r="50"/>
        <zone name="InfectedIndustrial" smin="0" smax="0" dmin="2" dmax="4" x="4995.43" z="5366.86" r="50"/>
        <zone name="InfectedIndustrial" smin="0" smax="0" dmin="2" dmax="4" x="5616" z="5852.8" r="50"/>
        <zone name="InfectedIndustrial" smin="0" smax="0" dmin="2" dmax="4" x="5571.2" z="5760" r="50"/>
        <zone name="InfectedIndustrial" smin="0" smax="0" dmin="2" dmax="4" x="6500.8" z="6270.4" r="50"/>
        <zone name="InfectedIndustrial" smin="0" smax="0" dmin="2" dmax="4" x="4068.8" z="11934.4" r="50"/>
        <zone name="InfectedIndustrial" smin="0" smax="0" dmin="2" dmax="4" x="4184" z="11956.8" r="50"/>
        <zone name="InfectedIndustrial" smin="0" smax="0" dmin="2" dmax="4" x="4121.6" z="11843.2" r="50"/>
        <zone name="InfectedIndustrial" smin="0" smax="0" dmin="2" dmax="4" x="5686.4" z="5750.4" r="50"/>
    </territory>
    <territory color="2387830984">
        <zone name="InfectedMedic" smin="0" smax="0" dmin="1" dmax="3" x="9433.61" z="1442.99" r="50"/>
        <zone name="InfectedMedic" smin="0" smax="0" dmin="2" dmax="3" x="7601.6" z="603.37" r="60"/>
        <zone name="InfectedMedic" smin="0" smax="0" dmin="3" dmax="5" x="8377.88" z="3193.44" r="50"/>
        <zone name="InfectedMedic" smin="0" smax="0" dmin="2" dmax="4" x="10570" z="1241.16" r="50"/>
        <zone name="InfectedMedic" smin="0" smax="0" dmin="3" dmax="5" x="10261.7" z="2872.55" r="50"/>
        <zone name="InfectedMedic" smin="0" smax="0" dmin="3" dmax="5" x="10148.5" z="4006.77" r="50"/>
        <zone name="InfectedMedic" smin="0" smax="0" dmin="3" dmax="5" x="9608.31" z="5713.85" r="50"/>
        <zone name="InfectedMedic" smin="0" smax="0" dmin="3" dmax="5" x="7470.46" z="5753.54" r="50"/>
        <zone name="InfectedMedic" smin="0" smax="0" dmin="3" dmax="5" x="6490.56" z="5393.28" r="50"/>
        <zone name="InfectedMedic" smin="0" smax="0" dmin="3" dmax="5" x="7541.71" z="4716.57" r="50"/>
        <zone name="InfectedMedic" smin="0" smax="0" dmin="3" dmax="5" x="10580.6" z="7117.71" r="50"/>
        <zone name="InfectedMedic" smin="0" smax="0" dmin="3" dmax="5" x="11210.3" z="8036.57" r="50"/>
        <zone name="InfectedMedic" smin="0" smax="0" dmin="1" dmax="3" x="6078.6" z="385.566" r="50"/>
        <zone name="InfectedMedic" smin="0" smax="0" dmin="1" dmax="3" x="1433.78" z="1630.22" r="50"/>
        <zone name="InfectedMedic" smin="0" smax="0" dmin="1" dmax="3" x="1691.2" z="5144" r="50"/>
        <zone name="InfectedMedic" smin="0" smax="0" dmin="1" dmax="4" x="5030.67" z="5246.67" r="50"/>
        <zone name="InfectedMedic" smin="0" smax="0" dmin="1" dmax="4" x="4698.46" z="7536" r="50"/>
        <zone name="InfectedMedic" smin="0" smax="0" dmin="1" dmax="4" x="4264.62" z="11832" r="50"/>
        <zone name="InfectedMedic" smin="0" smax="0" dmin="1" dmax="4" x="4179.69" z="11767.4" r="50"/>
        <zone name="InfectedMedic" smin="0" smax="0" dmin="1" dmax="4" x="9531.69" z="10179.7" r="50"/>
        <zone name="InfectedMedic" smin="0" smax="0" dmin="1" dmax="4" x="7476.92" z="10600.6" r="50"/>
        <zone name="InfectedMedic" smin="0" smax="0" dmin="1" dmax="4" x="4768.62" z="9389.54" r="50"/>
        <zone name="InfectedMedic" smin="0" smax="0" dmin="1" dmax="4" x="2120.4" z="11958" r="50"/>
        <zone name="InfectedMedic" smin="0" smax="0" dmin="1" dmax="4" x="3011.25" z="7761.75" r="50"/>
        <zone name="InfectedMedic" smin="0" smax="0" dmin="1" dmax="4" x="3495.48" z="7041.29" r="50"/>
        <zone name="InfectedMedic" smin="0" smax="0" dmin="1" dmax="4" x="1720.29" z="8566.29" r="50"/>
        <zone name="InfectedMedic" smin="0" smax="0" dmin="1" dmax="4" x="1079.14" z="9628.29" r="50"/>
        <zone name="InfectedMedic" smin="0" smax="0" dmin="1" dmax="4" x="1674.86" z="10000.3" r="50"/>
        <zone name="InfectedMedic" smin="0" smax="0" dmin="3" dmax="5" x="11337.3" z="4837.33" r="50"/>
        <zone name="InfectedMedic" smin="0" smax="0" dmin="1" dmax="3" x="6876" z="1912.8" r="50"/>
        <zone name="InfectedMedic" smin="0" smax="0" dmin="1" dmax="3" x="6324" z="3276" r="50"/>
        <zone name="InfectedMedic" smin="0" smax="0" dmin="1" dmax="3" x="5186.82" z="4071.53" r="50"/>
    </territory>
    <territory color="1291845632">
        <zone name="InfectedReligious" smin="0" smax="0" dmin="1" dmax="3" x="11377.4" z="1166.05" r="60"/>
        <zone name="InfectedReligious" smin="0" smax="0" dmin="1" dmax="2" x="9484.5" z="1534" r="60"/>
        <zone name="InfectedReligious" smin="0" smax="0" dmin="1" dmax="2" x="10191.2" z="4006.68" r="60"/>
        <zone name="InfectedReligious" smin="0" smax="0" dmin="1" dmax="3" x="10966" z="3181.1" r="60"/>
        <zone name="InfectedReligious" smin="0" smax="0" dmin="1" dmax="2" x="8411.2" z="3122" r="60"/>
        <zone name="InfectedReligious" smin="0" smax="0" dmin="1" dmax="4" x="7941" z="4971" r="60"/>
        <zone name="InfectedReligious" smin="0" smax="0" dmin="1" dmax="6" x="6486" z="5444" r="60"/>
        <zone name="InfectedReligious" smin="0" smax="0" dmin="1" dmax="2" x="10506" z="7054" r="60"/>
        <zone name="InfectedReligious" smin="0" smax="0" dmin="1" dmax="3" x="11515" z="10250" r="60"/>
        <zone name="InfectedReligious" smin="0" smax="0" dmin="1" dmax="3" x="1375.38" z="1617.23" r="50"/>
        <zone name="InfectedReligious" smin="0" smax="0" dmin="3" dmax="4" x="3285.78" z="5751.35" r="80"/>
        <zone name="InfectedReligious" smin="0" smax="0" dmin="1" dmax="3" x="9587.59" z="10089.9" r="60"/>
        <zone name="InfectedReligious" smin="0" smax="0" dmin="1" dmax="3" x="4767.53" z="11764.2" r="60"/>
        <zone name="InfectedReligious" smin="0" smax="0" dmin="1" dmax="3" x="5107.76" z="6124.24" r="60"/>
    </territory>
    <territory color="1790009876">
        <zone name="InfectedFirefighter" smin="0" smax="0" dmin="2" dmax="4" x="10632.4" z="1162.63" r="50"/>
        <zone name="InfectedFirefighter" smin="0" smax="0" dmin="3" dmax="5" x="7524.63" z="5659.58" r="50"/>
        <zone name="InfectedFirefighter" smin="0" smax="0" dmin="3" dmax="5" x="9768" z="7194.55" r="50"/>
        <zone name="InfectedFirefighter" smin="0" smax="0" dmin="3" dmax="5" x="10637.1" z="7116" r="50"/>
        <zone name="InfectedFirefighter" smin="0" smax="0" dmin="2" dmax="4" x="10758" z="11311" r="50"/>
        <zone name="InfectedFirefighter" smin="0" smax="0" dmin="1" dmax="3" x="1376.61" z="1695.47" r="50"/>
        <zone name="InfectedFirefighter" smin="0" smax="0" dmin="1" dmax="3" x="7574.55" z="453.091" r="50"/>
        <zone name="InfectedFirefighter" smin="0" smax="0" dmin="2" dmax="5" x="3166.67" z="7744" r="50"/>
    </territory>
    <territory color="1794965508">
        <zone name="InfectedPolice" smin="0" smax="0" dmin="1" dmax="3" x="7652.55" z="479.8" r="50"/>
        <zone name="InfectedPolice" smin="0" smax="0" dmin="3" dmax="5" x="10170.4" z="4046.36" r="50"/>
        <zone name="InfectedPolice" smin="0" smax="0" dmin="3" dmax="5" x="9657.1" z="2528.28" r="50"/>
        <zone name="InfectedPolice" smin="0" smax="0" dmin="1" dmax="3" x="8415.23" z="3207.97" r="60"/>
        <zone name="InfectedPolice" smin="0" smax="0" dmin="3" dmax="5" x="6523.03" z="5473.12" r="50"/>
        <zone name="InfectedPolice" smin="0" smax="0" dmin="3" dmax="5" x="7803.72" z="5580.2" r="50"/>
        <zone name="InfectedPolice" smin="0" smax="0" dmin="3" dmax="5" x="10627.8" z="7209.18" r="70"/>
        <zone name="InfectedPolice" smin="0" smax="0" dmin="2" dmax="4" x="3951" z="583.5" r="60"/>
        <zone name="InfectedPolice" smin="0" smax="0" dmin="2" dmax="4" x="1643.52" z="1747.58" r="50"/>
        <zone name="InfectedPolice" smin="0" smax="0" dmin="2" dmax="4" x="1636.36" z="5273.45" r="50"/>
        <zone name="InfectedPolice" smin="0" smax="0" dmin="3" dmax="5" x="3989.05" z="11816.8" r="50"/>
        <zone name="InfectedPolice" smin="0" smax="0" dmin="3" dmax="5" x="9622.74" z="10189.9" r="50"/>
        <zone name="InfectedPolice" smin="0" smax="0" dmin="3" dmax="5" x="2570" z="7665" r="50"/>
        <zone name="InfectedPolice" smin="0" smax="0" dmin="3" dmax="5" x="3429" z="7253" r="50"/>
        <zone name="InfectedPolice" smin="0" smax="0" dmin="3" dmax="5" x="1640.47" z="10010.1" r="50"/>
        <zone name="InfectedPolice" smin="0" smax="0" dmin="3" dmax="5" x="11257.3" z="4889.33" r="50"/>
        <zone name="InfectedPolice" smin="0" smax="0" dmin="1" dmax="3" x="6351.53" z="3149.65" r="60"/>
        <zone name="InfectedPolice" smin="0" smax="0" dmin="1" dmax="3" x="3789.18" z="4232.47" r="60"/>
    </territory>
    <territory color="1910952871">
        <zone name="InfectedSolitude" smin="0" smax="0" dmin="1" dmax="3" x="9637.08" z="1019.77" r="50"/>
        <zone name="InfectedSolitude" smin="0" smax="0" dmin="1" dmax="3" x="10741.8" z="2648.12" r="50"/>
        <zone name="InfectedSolitude" smin="0" smax="0" dmin="1" dmax="4" x="7719.87" z="2519.25" r="80"/>
        <zone name="InfectedSolitude" smin="0" smax="0" dmin="1" dmax="4" x="9482.74" z="1154.16" r="80"/>
        <zone name="InfectedSolitude" smin="0" smax="0" dmin="2" dmax="4" x="9521.88" z="4069.77" r="80"/>
        <zone name="InfectedSolitude" smin="0" smax="0" dmin="1" dmax="4" x="7912.25" z="2539.43" r="100"/>
        <zone name="InfectedSolitude" smin="0" smax="0" dmin="2" dmax="4" x="10276.5" z="2060.11" r="75"/>
        <zone name="InfectedSolitude" smin="0" smax="0" dmin="2" dmax="4" x="9802.36" z="4109.18" r="60"/>
        <zone name="InfectedSolitude" smin="0" smax="0" dmin="2" dmax="4" x="10178.6" z="1875.24" r="50"/>
        <zone name="InfectedSolitude" smin="0" smax="0" dmin="2" dmax="4" x="10687.7" z="3052.27" r="50"/>
        <zone name="InfectedSolitude" smin="0" smax="0" dmin="1" dmax="3" x="8976.96" z="2160.38" r="50"/>
        <zone name="InfectedSolitude" smin="0" smax="0" dmin="1" dmax="3" x="8800.9" z="2298.18" r="50"/>
        <zone name="InfectedSolitude" smin="0" smax="0" dmin="2" dmax="4" x="9948.63" z="1831.58" r="50"/>
        <zone name="InfectedSolitude" smin="0" smax="0" dmin="2" dmax="4" x="9610.12" z="2411.59" r="50"/>
        <zone name="InfectedSolitude" smin="0" smax="0" dmin="2" dmax="4" x="8403.55" z="2374.74" r="50"/>
        <zone name="InfectedSolitude" smin="0" smax="0" dmin="2" dmax="4" x="9880.5" z="3048" r="50"/>
        <zone name="InfectedSolitude" smin="0" smax="0" dmin="1" dmax="3" x="10218" z="3328" r="80"/>
        <zone name="InfectedSolitude" smin="0" smax="0" dmin="2" dmax="4" x="8502.86" z="5679.43" r="80"/>
        <zone name="InfectedSolitude" smin="0" smax="0" dmin="2" dmax="4" x="9828" z="6138.86" r="80"/>
        <zone name="InfectedSolitude" smin="0" smax="0" dmin="2" dmax="4" x="9690.86" z="6001.71" r="80"/>
        <zone name="InfectedSolitude" smin="0" smax="0" dmin="2" dmax="4" x="11084.6" z="6913.71" r="80"/>
        <zone name="InfectedSolitude" smin="0" smax="0" dmin="2" dmax="4" x="11285.1" z="6807.43" r="80"/>
        <zone name="InfectedSolitude" smin="0" smax="0" dmin="2" dmax="4" x="12042.9" z="6821.14" r="80"/>
        <zone name="InfectedSolitude" smin="0" smax="0" dmin="1" dmax="3" x="11214.9" z="8043.43" r="80"/>
        <zone name="InfectedSolitude" smin="0" smax="0" dmin="1" dmax="3" x="11081.1" z="7952.57" r="80"/>
        <zone name="InfectedSolitude" smin="0" smax="0" dmin="2" dmax="4" x="9305.14" z="6699.43" r="80"/>
        <zone name="InfectedSolitude" smin="0" smax="0" dmin="2" dmax="4" x="7788" z="4561.71" r="80"/>
        <zone name="InfectedSolitude" smin="0" smax="0" dmin="2" dmax="4" x="7645.71" z="4467.43" r="80"/>
        <zone name="InfectedSolitude" smin="0" smax="0" dmin="2" dmax="4" x="7491.43" z="4789.71" r="80"/>
        <zone name="InfectedSolitude" smin="0" smax="0" dmin="2" dmax="4" x="7644" z="4925.14" r="80"/>
        <zone name="InfectedSolitude" smin="0" smax="0" dmin="2" dmax="4" x="7496.57" z="4620" r="80"/>
        <zone name="InfectedSolitude" smin="0" smax="0" dmin="2" dmax="4" x="6754.29" z="4632" r="80"/>
        <zone name="InfectedSolitude" smin="0" smax="0" dmin="2" dmax="4" x="6224.57" z="5189.14" r="80"/>
        <zone name="InfectedSolitude" smin="0" smax="0" dmin="2" dmax="4" x="6426.86" z="5153.14" r="80"/>
        <zone name="InfectedSolitude" smin="0" smax="0" dmin="2" dmax="4" x="6361.71" z="5004" r="80"/>
        <zone name="InfectedSolitude" smin="0" smax="0" dmin="2" dmax="4" x="5888.57" z="5365.71" r="80"/>
        <zone name="InfectedSolitude" smin="0" smax="0" dmin="2" dmax="4" x="5701.71" z="5389.71" r="80"/>
        <zone name="InfectedSolitude" smin="0" smax="0" dmin="2" dmax="4" x="10431.4" z="9712.93" r="80"/>
        <zone name="InfectedSolitude" smin="0" smax="0" dmin="1" dmax="3" x="10947.4" z="12044.6" r="80"/>
        <zone name="InfectedSolitude" smin="0" smax="0" dmin="2" dmax="4" x="10954.3" z="12205.7" r="80"/>
        <zone name="InfectedSolitude" smin="0" smax="0" dmin="2" dmax="4" x="11797.7" z="12118.3" r="80"/>
        <zone name="InfectedSolitude" smin="0" smax="0" dmin="2" dmax="4" x="12013.7" z="10709.1" r="80"/>
        <zone name="InfectedSolitude" smin="0" smax="0" dmin="2" dmax="4" x="12178.3" z="10678.3" r="80"/>
        <zone name="InfectedSolitude" smin="0" smax="0" dmin="2" dmax="4" x="11616" z="8638.29" r="80"/>
        <zone name="InfectedSolitude" smin="0" smax="0" dmin="2" dmax="4" x="8391.43" z="3884.57" r="80"/>
        <zone name="InfectedSolitude" smin="0" smax="0" dmin="2" dmax="4" x="8115.43" z="3498.86" r="80"/>
        <zone name="InfectedSolitude" smin="0" smax="0" dmin="2" dmax="4" x="7494.86" z="3462.86" r="80"/>
        <zone name="InfectedSolitude" smin="0" smax="0" dmin="2" dmax="4" x="7002.86" z="5014.29" r="80"/>
        <zone name="InfectedSolitude" smin="0" smax="0" dmin="2" dmax="4" x="7340.57" z="5365.71" r="80"/>
        <zone name="InfectedSolitude" smin="0" smax="0" dmin="2" dmax="4" x="6417.6" z="3674.4" r="80"/>
        <zone name="InfectedSolitude" smin="0" smax="0" dmin="2" dmax="4" x="6787.2" z="3597.6" r="80"/>
        <zone name="InfectedSolitude" smin="0" smax="0" dmin="2" dmax="4" x="6302.4" z="3820.8" r="80"/>
        <zone name="InfectedSolitude" smin="0" smax="0" dmin="1" dmax="2" x="3447" z="677.4" r="60"/>
        <zone name="InfectedSolitude" smin="0" smax="0" dmin="1" dmax="3" x="2435.4" z="709.8" r="80"/>
        <zone name="InfectedSolitude" smin="0" smax="0" dmin="1" dmax="3" x="770" z="798" r="80"/>
        <zone name="InfectedSolitude" smin="0" smax="0" dmin="2" dmax="4" x="692" z="584" r="80"/>
        <zone name="InfectedSolitude" smin="0" smax="0" dmin="1" dmax="3" x="1170" z="1852" r="80"/>
        <zone name="InfectedSolitude" smin="0" smax="0" dmin="2" dmax="5" x="928.118" z="2479.76" r="80"/>
        <zone name="InfectedSolitude" smin="0" smax="0" dmin="1" dmax="3" x="808" z="5324" r="80"/>
        <zone name="InfectedSolitude" smin="0" smax="0" dmin="1" dmax="3" x="590" z="6000" r="80"/>
        <zone name="InfectedSolitude" smin="0" smax="0" dmin="1" dmax="3" x="2112" z="5404" r="60"/>
        <zone name="InfectedSolitude" smin="0" smax="0" dmin="1" dmax="4" x="1978" z="5736" r="80"/>
        <zone name="InfectedSolitude" smin="0" smax="0" dmin="1" dmax="3" x="1686" z="6238" r="80"/>
        <zone name="InfectedSolitude" smin="0" smax="0" dmin="1" dmax="3" x="1266" z="7118" r="60"/>
        <zone name="InfectedSolitude" smin="0" smax="0" dmin="1" dmax="3" x="570" z="6830" r="60"/>
        <zone name="InfectedSolitude" smin="0" smax="0" dmin="1" dmax="3" x="460" z="7128" r="80"/>
        <zone name="InfectedSolitude" smin="0" smax="0" dmin="1" dmax="3" x="846" z="6522" r="60"/>
        <zone name="InfectedSolitude" smin="0" smax="0" dmin="2" dmax="5" x="2851.06" z="5784.24" r="60"/>
        <zone name="InfectedSolitude" smin="0" smax="0" dmin="1" dmax="3" x="2196" z="6218" r="60"/>
        <zone name="InfectedSolitude" smin="0" smax="0" dmin="1" dmax="5" x="4128" z="5630" r="60"/>
        <zone name="InfectedSolitude" smin="0" smax="0" dmin="1" dmax="4" x="4048" z="5524" r="60"/>
        <zone name="InfectedSolitude" smin="0" smax="0" dmin="1" dmax="4" x="4594.5" z="5650.5" r="80"/>
        <zone name="InfectedSolitude" smin="0" smax="0" dmin="1" dmax="3" x="4471.5" z="5230.5" r="60"/>
        <zone name="InfectedSolitude" smin="0" smax="0" dmin="1" dmax="3" x="4808.65" z="4853.47" r="60"/>
        <zone name="InfectedSolitude" smin="0" smax="0" dmin="1" dmax="5" x="4330.5" z="5730" r="60"/>
        <zone name="InfectedSolitude" smin="0" smax="0" dmin="1" dmax="4" x="3070.86" z="5120" r="60"/>
        <zone name="InfectedSolitude" smin="0" smax="0" dmin="1" dmax="3" x="1827.2" z="4888" r="60"/>
        <zone name="InfectedSolitude" smin="0" smax="0" dmin="1" dmax="3" x="1777.6" z="5035.2" r="60"/>
        <zone name="InfectedSolitude" smin="0" smax="0" dmin="1" dmax="3" x="2261.71" z="5645.9" r="60"/>
        <zone name="InfectedSolitude" smin="0" smax="0" dmin="2" dmax="5" x="2980.23" z="5769.18" r="60"/>
        <zone name="InfectedSolitude" smin="0" smax="0" dmin="3" dmax="6" x="3098.82" z="5702.83" r="60"/>
        <zone name="InfectedSolitude" smin="0" smax="0" dmin="1" dmax="2" x="4806.4" z="492.8" r="60"/>
        <zone name="InfectedSolitude" smin="0" smax="0" dmin="1" dmax="2" x="4456" z="536" r="60"/>
        <zone name="InfectedSolitude" smin="0" smax="0" dmin="2" dmax="4" x="5338.29" z="6698.29" r="80"/>
        <zone name="InfectedSolitude" smin="0" smax="0" dmin="2" dmax="4" x="5277.71" z="6922.29" r="80"/>
        <zone name="InfectedSolitude" smin="0" smax="0" dmin="2" dmax="4" x="5537.14" z="6152" r="80"/>
        <zone name="InfectedSolitude" smin="0" smax="0" dmin="2" dmax="4" x="6465.14" z="6985.14" r="80"/>
        <zone name="InfectedSolitude" smin="0" smax="0" dmin="2" dmax="4" x="5854.86" z="7125.71" r="80"/>
        <zone name="InfectedSolitude" smin="0" smax="0" dmin="2" dmax="4" x="5729.14" z="7555.43" r="80"/>
        <zone name="InfectedSolitude" smin="0" smax="0" dmin="2" dmax="4" x="4770.29" z="9374.86" r="80"/>
        <zone name="InfectedSolitude" smin="0" smax="0" dmin="2" dmax="4" x="4689.14" z="9152" r="80"/>
        <zone name="InfectedSolitude" smin="1" smax="1" dmin="0" dmax="0" x="4652.57" z="9729.14" r="80"/>
        <zone name="InfectedSolitude" smin="0" smax="0" dmin="2" dmax="4" x="4698.29" z="9977.14" r="80"/>
        <zone name="InfectedSolitude" smin="0" smax="0" dmin="2" dmax="4" x="4397.71" z="10285.7" r="80"/>
        <zone name="InfectedSolitude" smin="0" smax="0" dmin="2" dmax="4" x="4787.43" z="10533.7" r="80"/>
        <zone name="InfectedSolitude" smin="0" smax="0" dmin="2" dmax="4" x="4725.71" z="11417.1" r="80"/>
        <zone name="InfectedSolitude" smin="0" smax="0" dmin="2" dmax="4" x="4564.57" z="11889.1" r="80"/>
        <zone name="InfectedSolitude" smin="0" smax="0" dmin="2" dmax="4" x="4787.43" z="12003.4" r="80"/>
        <zone name="InfectedSolitude" smin="0" smax="0" dmin="2" dmax="4" x="4534.86" z="11722.3" r="80"/>
        <zone name="InfectedSolitude" smin="0" smax="0" dmin="2" dmax="4" x="5521.14" z="11016" r="80"/>
        <zone name="InfectedSolitude" smin="0" smax="0" dmin="2" dmax="6" x="6081.14" z="10338.3" r="80"/>
        <zone name="InfectedSolitude" smin="0" smax="0" dmin="2" dmax="6" x="7566.86" z="10618.3" r="80"/>
        <zone name="InfectedSolitude" smin="0" smax="0" dmin="2" dmax="6" x="7422.86" z="10525.7" r="80"/>
        <zone name="InfectedSolitude" smin="0" smax="0" dmin="2" dmax="6" x="7844.57" z="11406.9" r="80"/>
        <zone name="InfectedSolitude" smin="0" smax="0" dmin="1" dmax="3" x="7904" z="12018.3" r="80"/>
        <zone name="InfectedSolitude" smin="0" smax="0" dmin="1" dmax="3" x="9489.14" z="10381.7" r="80"/>
        <zone name="InfectedSolitude" smin="0" smax="0" dmin="1" dmax="3" x="5251.43" z="5731.43" r="80"/>
        <zone name="InfectedSolitude" smin="0" smax="0" dmin="1" dmax="3" x="2064.64" z="909.938" r="80"/>
        <zone name="InfectedSolitude" smin="0" smax="0" dmin="1" dmax="3" x="1995.29" z="753.491" r="80"/>
        <zone name="InfectedSolitude" smin="0" smax="0" dmin="1" dmax="4" x="6831.36" z="11310.7" r="80"/>
        <zone name="InfectedSolitude" smin="0" smax="0" dmin="1" dmax="4" x="6756.48" z="11455.7" r="80"/>
        <zone name="InfectedSolitude" smin="0" smax="0" dmin="1" dmax="4" x="6645.12" z="11286.7" r="80"/>
        <zone name="InfectedSolitude" smin="0" smax="0" dmin="2" dmax="4" x="2812.36" z="11260.4" r="80"/>
        <zone name="InfectedSolitude" smin="0" smax="0" dmin="2" dmax="4" x="2883.27" z="11501.5" r="80"/>
        <zone name="InfectedSolitude" smin="0" smax="0" dmin="2" dmax="4" x="2216.73" z="12077.5" r="80"/>
        <zone name="InfectedSolitude" smin="0" smax="0" dmin="2" dmax="4" x="2104.8" z="11900.4" r="80"/>
        <zone name="InfectedSolitude" smin="0" smax="0" dmin="2" dmax="4" x="2147.36" z="11044.6" r="80"/>
        <zone name="InfectedSolitude" smin="0" smax="0" dmin="2" dmax="4" x="2277.6" z="10917.8" r="80"/>
        <zone name="InfectedSolitude" smin="0" smax="0" dmin="2" dmax="4" x="1558.59" z="8997.18" r="80"/>
        <zone name="InfectedSolitude" smin="0" smax="0" dmin="2" dmax="4" x="739.765" z="8658.35" r="80"/>
        <zone name="InfectedSolitude" smin="0" smax="0" dmin="2" dmax="4" x="655.059" z="8884.24" r="80"/>
        <zone name="InfectedSolitude" smin="0" smax="0" dmin="2" dmax="4" x="8208" z="11724.6" r="80"/>
        <zone name="InfectedSolitude" smin="0" smax="0" dmin="2" dmax="4" x="7864.42" z="11880" r="80"/>
        <zone name="InfectedSolitude" smin="0" smax="0" dmin="2" dmax="4" x="7960.42" z="11737.3" r="80"/>
        <zone name="InfectedSolitude" smin="0" smax="0" dmin="2" dmax="4" x="3979.2" z="2352" r="80"/>
        <zone name="InfectedSolitude" smin="0" smax="0" dmin="2" dmax="4" x="7274.4" z="637.2" r="50"/>
        <zone name="InfectedSolitude" smin="0" smax="0" dmin="1" dmax="3" x="1464" z="902.667" r="80"/>
        <zone name="InfectedSolitude" smin="0" smax="0" dmin="1" dmax="3" x="11293" z="3908" r="60"/>
        <zone name="InfectedSolitude" smin="0" smax="0" dmin="1" dmax="3" x="11463" z="3693" r="60"/>
        <zone name="InfectedSolitude" smin="0" smax="0" dmin="1" dmax="4" x="6694.15" z="2348.31" r="100"/>
        <zone name="InfectedSolitude" smin="0" smax="0" dmin="1" dmax="4" x="6461.54" z="2765.54" r="100"/>
        <zone name="InfectedSolitude" smin="0" smax="0" dmin="1" dmax="4" x="5726.77" z="3622.15" r="100"/>
        <zone name="InfectedSolitude" smin="0" smax="0" dmin="1" dmax="4" x="10284.9" z="836.308" r="80"/>
        <zone name="InfectedSolitude" smin="0" smax="0" dmin="1" dmax="4" x="7951.38" z="734.769" r="80"/>
        <zone name="InfectedSolitude" smin="0" smax="0" dmin="1" dmax="4" x="8054.77" z="910.154" r="80"/>
        <zone name="InfectedSolitude" smin="0" smax="0" dmin="2" dmax="4" x="10188.7" z="1578.35" r="75"/>
        <zone name="InfectedSolitude" smin="0" smax="0" dmin="2" dmax="4" x="9715.76" z="2377.41" r="50"/>
        <zone name="InfectedSolitude" smin="0" smax="0" dmin="2" dmax="4" x="9690.35" z="2488.94" r="50"/>
        <zone name="InfectedSolitude" smin="0" smax="0" dmin="2" dmax="4" x="9632.47" z="2298.35" r="50"/>
        <zone name="InfectedSolitude" smin="0" smax="0" dmin="2" dmax="4" x="10711.1" z="6535.06" r="80"/>
        <zone name="InfectedSolitude" smin="0" smax="0" dmin="1" dmax="3" x="1303.06" z="1401.88" r="80"/>
        <zone name="InfectedSolitude" smin="0" smax="0" dmin="1" dmax="3" x="2281.41" z="859.765" r="80"/>
        <zone name="InfectedSolitude" smin="0" smax="0" dmin="1" dmax="3" x="2147.29" z="783.529" r="60"/>
        <zone name="InfectedSolitude" smin="0" smax="0" dmin="2" dmax="5" x="782.118" z="2569.41" r="80"/>
        <zone name="InfectedSolitude" smin="0" smax="0" dmin="2" dmax="5" x="1195.76" z="2323.76" r="80"/>
        <zone name="InfectedSolitude" smin="0" smax="0" dmin="1" dmax="3" x="913.412" z="4808.47" r="80"/>
        <zone name="InfectedSolitude" smin="0" smax="0" dmin="1" dmax="3" x="1493.65" z="4551.53" r="80"/>
        <zone name="InfectedSolitude" smin="0" smax="0" dmin="3" dmax="6" x="2971.76" z="5642.82" r="60"/>
        <zone name="InfectedSolitude" smin="0" smax="0" dmin="1" dmax="3" x="960" z="7538.82" r="80"/>
        <zone name="InfectedSolitude" smin="0" smax="0" dmin="1" dmax="3" x="2102.12" z="10846.6" r="80"/>
        <zone name="InfectedSolitude" smin="0" smax="0" dmin="1" dmax="3" x="2271.53" z="10704" r="80"/>
        <zone name="InfectedSolitude" smin="0" smax="0" dmin="2" dmax="4" x="4070.77" z="2508.92" r="80"/>
    </territory>
    <territory color="1136576269">
        <zone name="InfectedCity" smin="0" smax="0" dmin="2" dmax="6" x="10232.2" z="4112.89" r="50"/>
        <zone name="InfectedCity" smin="0" smax="0" dmin="2" dmax="4" x="10436" z="1289.61" r="60"/>
        <zone name="InfectedCity" smin="0" smax="0" dmin="2" dmax="4" x="10456.5" z="1122.42" r="70"/>
        <zone name="InfectedCity" smin="0" smax="0" dmin="2" dmax="4" x="10563.1" z="1413.11" r="70"/>
        <zone name="InfectedCity" smin="0" smax="0" dmin="2" dmax="4" x="7346.92" z="452.957" r="60"/>
        <zone name="InfectedCity" smin="0" smax="0" dmin="2" dmax="4" x="7770.41" z="459.315" r="50"/>
        <zone name="InfectedCity" smin="0" smax="0" dmin="1" dmax="3" x="7461.72" z="401.717" r="50"/>
        <zone name="InfectedCity" smin="0" smax="0" dmin="2" dmax="4" x="7658.1" z="557.279" r="50"/>
        <zone name="InfectedCity" smin="0" smax="0" dmin="2" dmax="4" x="10172.3" z="1256.8" r="70"/>
        <zone name="InfectedCity" smin="0" smax="0" dmin="2" dmax="4" x="10721.3" z="994.18" r="70"/>
        <zone name="InfectedCity" smin="0" smax="0" dmin="1" dmax="3" x="11044.3" z="1339" r="70"/>
        <zone name="InfectedCity" smin="0" smax="0" dmin="2" dmax="4" x="10780.1" z="1223.78" r="60"/>
        <zone name="InfectedCity" smin="0" smax="0" dmin="2" dmax="4" x="10843.4" z="1699.2" r="70"/>
        <zone name="InfectedCity" smin="0" smax="0" dmin="2" dmax="4" x="8260.8" z="1208.8" r="50"/>
        <zone name="InfectedCity" smin="0" smax="0" dmin="2" dmax="5" x="10106.3" z="4079.72" r="50"/>
        <zone name="InfectedCity" smin="0" smax="0" dmin="2" dmax="4" x="10218.6" z="4000.12" r="50"/>
        <zone name="InfectedCity" smin="0" smax="0" dmin="2" dmax="6" x="10095.9" z="3926.64" r="80"/>
        <zone name="InfectedCity" smin="0" smax="0" dmin="4" dmax="6" x="7851.94" z="5367.53" r="50"/>
        <zone name="InfectedCity" smin="0" smax="0" dmin="4" dmax="6" x="7780.19" z="5442.61" r="50"/>
        <zone name="InfectedCity" smin="0" smax="0" dmin="4" dmax="6" x="7899.68" z="5743.77" r="50"/>
        <zone name="InfectedCity" smin="0" smax="0" dmin="4" dmax="6" x="7604.44" z="5760" r="70"/>
        <zone name="InfectedCity" smin="0" smax="0" dmin="4" dmax="6" x="7554.67" z="5565.25" r="50"/>
        <zone name="InfectedCity" smin="0" smax="0" dmin="4" dmax="6" x="7387.24" z="5648.74" r="70"/>
        <zone name="InfectedCity" smin="0" smax="0" dmin="4" dmax="6" x="11309.3" z="11471.3" r="70"/>
        <zone name="InfectedCity" smin="0" smax="0" dmin="4" dmax="6" x="11187" z="11547.8" r="70"/>
        <zone name="InfectedCity" smin="0" smax="0" dmin="4" dmax="6" x="11061" z="11482.5" r="70"/>
        <zone name="InfectedCity" smin="0" smax="0" dmin="4" dmax="6" x="7945.52" z="5634.22" r="50"/>
        <zone name="InfectedCity" smin="0" smax="0" dmin="2" dmax="4" x="8027.14" z="5742" r="50"/>
        <zone name="InfectedCity" smin="0" smax="0" dmin="4" dmax="6" x="7950.86" z="5355.43" r="50"/>
        <zone name="InfectedCity" smin="0" smax="0" dmin="2" dmax="4" x="1525.24" z="1777.66" r="50"/>
        <zone name="InfectedCity" smin="0" smax="0" dmin="2" dmax="4" x="1455.72" z="1699.86" r="50"/>
        <zone name="InfectedCity" smin="0" smax="0" dmin="2" dmax="4" x="1411.03" z="1808.28" r="50"/>
        <zone name="InfectedCity" smin="0" smax="0" dmin="2" dmax="4" x="1657.85" z="1673.46" r="50"/>
        <zone name="InfectedCity" smin="0" smax="0" dmin="2" dmax="4" x="796.5" z="3864.75" r="50"/>
        <zone name="InfectedCity" smin="0" smax="0" dmin="2" dmax="4" x="797.25" z="3724.5" r="50"/>
        <zone name="InfectedCity" smin="0" smax="0" dmin="3" dmax="6" x="3303" z="7433.25" r="60"/>
        <zone name="InfectedCity" smin="0" smax="0" dmin="2" dmax="5" x="3605.87" z="7152.35" r="60"/>
        <zone name="InfectedCity" smin="0" smax="0" dmin="2" dmax="6" x="3420.5" z="7311.25" r="60"/>
        <zone name="InfectedCity" smin="0" smax="0" dmin="2" dmax="6" x="3423" z="7791" r="60"/>
        <zone name="InfectedCity" smin="0" smax="0" dmin="2" dmax="5" x="2882" z="7841" r="60"/>
        <zone name="InfectedCity" smin="0" smax="0" dmin="2" dmax="4" x="2679" z="7862.5" r="60"/>
        <zone name="InfectedCity" smin="0" smax="0" dmin="2" dmax="4" x="2877.16" z="7208.86" r="60"/>
        <zone name="InfectedCity" smin="0" smax="0" dmin="2" dmax="7" x="2486" z="7647" r="60"/>
        <zone name="InfectedCity" smin="0" smax="0" dmin="4" dmax="7" x="2890.11" z="7656.29" r="60"/>
        <zone name="InfectedCity" smin="0" smax="0" dmin="3" dmax="5" x="2944.5" z="7474.46" r="60"/>
        <zone name="InfectedCity" smin="0" smax="0" dmin="2" dmax="4" x="3190.85" z="7551.12" r="60"/>
        <zone name="InfectedCity" smin="0" smax="0" dmin="2" dmax="6" x="3201.98" z="7863.27" r="60"/>
        <zone name="InfectedCity" smin="0" smax="0" dmin="3" dmax="5" x="2891.53" z="7350.23" r="60"/>
        <zone name="InfectedCity" smin="0" smax="0" dmin="2" dmax="6" x="2576" z="7338.67" r="60"/>
        <zone name="InfectedCity" smin="0" smax="0" dmin="2" dmax="5" x="2711.17" z="7681.5" r="60"/>
        <zone name="InfectedCity" smin="5" smax="7" dmin="5" dmax="10" x="3077.14" z="7623.23" r="60"/>
        <zone name="InfectedCity" smin="5" smax="7" dmin="5" dmax="10" x="3076.9" z="7333.52" r="60"/>
        <zone name="InfectedCity" smin="5" smax="7" dmin="5" dmax="10" x="3078.16" z="7475.16" r="60"/>
        <zone name="InfectedCity" smin="0" smax="0" dmin="4" dmax="4" x="3290.83" z="7691.56" r="60"/>
        <zone name="InfectedCity" smin="5" smax="7" dmin="5" dmax="10" x="3079.18" z="7787.95" r="60"/>
        <zone name="InfectedCity" smin="0" smax="0" dmin="2" dmax="4" x="2447.05" z="7783.5" r="60"/>
        <zone name="InfectedCity" smin="0" smax="0" dmin="3" dmax="5" x="2721" z="7357.5" r="60"/>
        <zone name="InfectedCity" smin="0" smax="0" dmin="2" dmax="5" x="2655.75" z="7557.75" r="60"/>
        <zone name="InfectedCity" smin="0" smax="0" dmin="2" dmax="4" x="3011.25" z="7176" r="60"/>
        <zone name="InfectedCity" smin="0" smax="0" dmin="2" dmax="5" x="3422.25" z="7125" r="60"/>
        <zone name="InfectedCity" smin="0" smax="0" dmin="2" dmax="5" x="3724.5" z="7087.5" r="60"/>
        <zone name="InfectedCity" smin="0" smax="0" dmin="3" dmax="6" x="3437.25" z="7443" r="60"/>
        <zone name="InfectedCity" smin="0" smax="0" dmin="4" dmax="6" x="3329.07" z="7562.75" r="60"/>
        <zone name="InfectedCity" smin="0" smax="0" dmin="2" dmax="5" x="2592.75" z="7760.25" r="60"/>
        <zone name="InfectedCity" smin="0" smax="0" dmin="2" dmax="6" x="3009.11" z="7903.36" r="60"/>
        <zone name="InfectedCity" smin="0" smax="0" dmin="2" dmax="4" x="3194.25" z="7071" r="60"/>
        <zone name="InfectedCity" smin="0" smax="0" dmin="2" dmax="4" x="10787.7" z="1427.85" r="70"/>
        <zone name="InfectedCity" smin="0" smax="0" dmin="2" dmax="4" x="10661.2" z="1305.72" r="60"/>
        <zone name="InfectedCity" smin="0" smax="0" dmin="2" dmax="4" x="10663.6" z="1176" r="60"/>
        <zone name="InfectedCity" smin="0" smax="0" dmin="1" dmax="3" x="10635.7" z="1589.54" r="70"/>
        <zone name="InfectedCity" smin="0" smax="0" dmin="1" dmax="3" x="10984.6" z="1177.85" r="70"/>
        <zone name="InfectedCity" smin="0" smax="0" dmin="4" dmax="6" x="7791.53" z="5727.53" r="50"/>
        <zone name="InfectedCity" smin="0" smax="0" dmin="4" dmax="6" x="7819.76" z="5613.18" r="60"/>
        <zone name="InfectedCity" smin="0" smax="0" dmin="4" dmax="6" x="7442.82" z="5528.47" r="50"/>
        <zone name="InfectedCity" smin="0" smax="0" dmin="4" dmax="6" x="7661.65" z="5514.35" r="50"/>
        <zone name="InfectedCity" smin="0" smax="0" dmin="2" dmax="4" x="1552.94" z="1657.41" r="50"/>
        <zone name="InfectedCity" smin="0" smax="0" dmin="2" dmax="4" x="1739.29" z="1754.82" r="50"/>
    </territory>
    <territory color="1925774598">
        <zone name="InfectedNBC" smin="0" smax="0" dmin="2" dmax="4" x="7883.26" z="522.665" r="60"/>
        <zone name="InfectedNBC" smin="0" smax="0" dmin="2" dmax="4" x="7771.2" z="591.36" r="60"/>
        <zone name="InfectedNBC" smin="0" smax="0" dmin="1" dmax="3" x="11375" z="3810" r="60"/>
        <zone name="InfectedNBC" smin="0" smax="0" dmin="3" dmax="5" x="10920" z="11457.6" r="60"/>
        <zone name="InfectedNBC" smin="0" smax="0" dmin="2" dmax="4" x="1373.09" z="1717.82" r="60"/>
        <zone name="InfectedNBC" smin="0" smax="0" dmin="2" dmax="5" x="1016.62" z="4064.02" r="60"/>
        <zone name="InfectedNBC" smin="0" smax="0" dmin="2" dmax="4" x="802.133" z="7572.27" r="60"/>
        <zone name="InfectedNBC" smin="0" smax="0" dmin="3" dmax="5" x="4248" z="11771.2" r="60"/>
        <zone name="InfectedNBC" smin="0" smax="0" dmin="3" dmax="5" x="9699.43" z="9072" r="60"/>
        <zone name="InfectedNBC" smin="0" smax="0" dmin="3" dmax="5" x="9642.46" z="8954.77" r="60"/>
        <zone name="InfectedNBC" smin="0" smax="0" dmin="2" dmax="4" x="9827.08" z="8982.46" r="60"/>
        <zone name="InfectedNBC" smin="0" smax="0" dmin="1" dmax="3" x="9577.85" z="9137.54" r="60"/>
        <zone name="InfectedNBC" smin="0" smax="0" dmin="1" dmax="3" x="9837.47" z="9140.21" r="60"/>
        <zone name="InfectedNBC" smin="0" smax="0" dmin="1" dmax="3" x="9487.58" z="9021.47" r="60"/>
        <zone name="InfectedNBC" smin="0" smax="0" dmin="2" dmax="4" x="2745.75" z="7465.5" r="60"/>
        <zone name="InfectedNBC" smin="0" smax="0" dmin="2" dmax="4" x="3470.25" z="7659" r="60"/>
        <zone name="InfectedNBC" smin="0" smax="0" dmin="2" dmax="4" x="3001.5" z="7734.75" r="60"/>
        <zone name="InfectedNBC" smin="0" smax="0" dmin="2" dmax="4" x="3480.75" z="7068" r="60"/>
    </territory>
</territory-type>
