{
    "Name": "",
    "Persist": 0,
    "Faction": "Civilian",
    "Formation": "Circle",
    "FormationScale": 0.0,
    "FormationLooseness": 0.10000000149011612,
    "Loadout": "SurvivorLoadout",
    "Units": [],
    "NumberOfAI": 3,
    "Behaviour": "ALTERNATE",
    "LootingBehaviour": "",
    "Speed": "JOG",
    "UnderThreatSpeed": "SPRINT",
    "CanBeLooted": 1,
    "UnlimitedReload": 0,
    "SniperProneDistanceThreshold": 0.0,
    "AccuracyMin": -1.0,
    "AccuracyMax": -1.0,
    "ThreatDistanceLimit": -1.0,
    "NoiseInvestigationDistanceLimit": -1.0,
    "DamageMultiplier": -1.0,
    "DamageReceivedMultiplier": -1.0,
    "CanBeTriggeredByAI": 0,
    "MinDistRadius": -1.0,
    "MaxDistRadius": -1.0,
    "DespawnRadius": -1.0,
    "MinSpreadRadius": 0.0,
    "MaxSpreadRadius": 0.0,
    "Chance": 1.0,
    "DespawnTime": -1.0,
    "RespawnTime": -2.0,
    "LoadBalancingCategory": "",
    "ObjectClassName": "",
    "WaypointInterpolation": "",
    "UseRandomWaypointAsStartPoint": 1,
    "Waypoints": [
        [
            8696.2294921875,
            174.0103302001953,
            3430.5400390625
        ],
        [
            8697.4375,
            173.9757843017578,
            3430.527587890625
        ],
        [
            8692.1240234375,
            173.77188110351563,
            3399.54248046875
        ],
        [
            8706.0693359375,
            173.87786865234376,
            3431.90673828125
        ],
        [
            8727.9228515625,
            173.8169708251953,
            3414.31787109375
        ],
        [
            8696.8466796875,
            173.70635986328126,
            3405.033447265625
        ],
        [
            8705.0751953125,
            173.74964904785157,
            3426.75439453125
        ]
    ]
}