{
	"Data_RealTimeTweak":
	{
		"0": 0,
		
		"1": 300,
		"2": 0,
		
		"3": 100,
		"4": 100,
		
		"5": 100,
		"6": 10,
		
		"7": 1,
		"8": 999,
		
		"9": 1,
		"10": 999,
		"11": 999,
		"12": 5,
		"13": 10,
		"14": 999,
		
		"15": 100,		
		"16": 150,
		
		"17": 100,
		
		"18": 70,
		"19": 120,
		
		"20": 5,
		"21": 100,
		
		"22": 40,
		"23": 50,		
		"24": 20,
		"25": 999,
		"26": 100,
		
		"27": 999,
		"28": 999,
		"29": 0,
		"30": 1,
		
		"31": 100,
		"32": 100,
		"33": 100,
		"34": 100,
		"35": 100,
		"36": 100,
		"37": 100,
		"38": 100,
		"39": 100,		
		"40": 100,
		
		"41": 100,
		"42": 100,
		"43": 100,
		"44": 100,
		"45": 100,
		"46": 100,
		"47": 100,
		"48": 100,
		"49": 100,		
		"50": 100,
		
		"51": 1,
		"52": 4,
		"53": 5,		
		"54": 1,		
		"55": 10,
		
		"56": 80,
		"57": 4,		
		
		"58": 999,
		"59": 50,
		
		"60" : 120,
		"61" : 100,
		
		"62" : 0,
		"63" : 100,
		"64" : 1,
		
		"65" : 80,
		"66" : 0,
		
		"67" : 100,
		"68" : 0,
		
		"69" : 1,
		"70" : 1,
		
		"71" : 3,
		"72" : 5,
		"73" : 60,
		
		"74" : 150,
		"75" : 5,
		
		"76" : 5,
		"77" : 10,

		"78" : 3,
		"79" : 5,
		"80" : 106,
		
		"81" : 1,
		"82" : 10,
		"83" : 99,		
		"84" : 75,
		
		"85" : 1,
		"86" : 1,
		"87" : 98,
		
		"88" : 100,
		
		"89" : 1,
		"90" : 1,
		
		"91" : 5,
		"92" : 60,
		
		"93" : 5,
		"94" : 60,
		
		"95" : 2,
		"96" : 5,
		"97" : 97,
		"98" : 30,
		
		"99" : 0
	}
}
