{
    "Version": "2.5",
    "EnableAutoCalculation": 0,
    "EnableAutoDestockAtRestart": 0,
    "EnableDefaultTraderStock": 0,
    "TraderCategories": [
        {
            "CategoryName": "Vegetables",
            "Products": [
                "CaninaBerry,1,-1,50,1,-1",
                "SambucusBerry,1,-1,50,1,-1",
                "Plum,1,-1,75,1,-1",
                "Kiwi,1,-1,75,1,-1",
                "Apple,1,-1,125,1,-1",
                "Pear,1,-1,150,1,-1",
                "Orange,1,-1,110,1,-1",
                "Banana,1,-1,100,1,-1",
                "Tomato,1,-1,100,1,-1",
                "Potato,1,-1,200,1,-1",
                "GreenBellPepper,1,-1,150,1,-1",
                "Zucchini,1,-1,200,3,1",
                "Pumpkin,1,-1,2300,8,3",
                "AgaricusMushroom,1,-1,150,2,1",
                "AmanitaMushroom,1,-1,150,2,1",
                "LactariusMushroom,1,-1,150,2,1",
                "MacrolepiotaMushroom,1,-1,150,2,1",
                "PsilocybeMushroom,1,-1,50,2,1",
                "AuriculariaMushroom,1,-1,150,2,1",
                "BoletusMushroom,1,-1,150,2,1",
                "PleurotusMushroom,1,-1,150,2,1"
            ]
        },
        {
            "CategoryName": "Packaged Food",
            "Products": [
                "PowderedMilk,1,-1,200,1,-1",
                "BoxCerealCrunchin,1,-1,250,2,1",
                "Rice,1,-1,500,3,1",
                "Marmalade,1,-1,400,3,1",
                "PeachesCan,1,-1,0,4,2",
                "SardinesCan,1,-1,0,4,2",
                "TunaCan,1,-1,0,4,2",
                "SpaghettiCan,1,-1,0,5,2",
                "BakedBeansCan,1,-1,0,5,2",
                "TacticalBaconCan,1,-1,0,5,3"
            ]
        },
        {
            "CategoryName": "Meat",
            "Products": [
                "ChickenBreastMeat,1,-1,0.75,2,1",
                "GoatSteakMeat,1,-1,0.75,3,1",
                "SheepSteakMeat,1,-1,0.75,3,1",
                "PigSteakMeat,1,-1,0.75,4,2",
                "BoarSteakMeat,1,-1,0.75,4,2",
                "WolfSteakMeat,1,-1,0.75,4,2",
                "DeerSteakMeat,1,-1,0.75,5,2",
                "CowSteakMeat,1,-1,0.75,5,2",
                "Sardines,1,-1,0.75,7,4",
                "Carp,1,-1,0.75,10,5",
                "Mackerel,1,-1,0.75,10,5"
            ]
        },
        {
            "CategoryName": "Animal Parts",
            "Products": [
                "Bone,1,-1,10,2,1",
                "Lard,1,-1,200,2,1",
                "Guts,1,-1,500,2,1",
                "SmallGuts,1,-1,200,2,1"
            ]
        },
        {
            "CategoryName": "Drinks",
            "Products": [
                "SodaCan_Cola,1,-1,300,2,1",
                "SodaCan_Kvass,1,-1,300,2,1",
                "SodaCan_Pipsi,1,-1,300,2,1",
                "SodaCan_Spite,1,-1,300,2,1",
                "WaterBottle,1,-1,1000,5,2",
                "Canteen,1,-1,1000,8,4",
                "Vodka,1,-1,500,12,8"
            ]
        },
        {
            "CategoryName": "Medical Supplies",
            "Products": [
                "BandageDressing,1,-1,2,3,1",
                "BloodTestKit,1,-1,0,5,2",
                "Thermometer,1,-1,0,5,2",
                "DisinfectantSpray,1,-1,500,8,5",
                "Heatpack,1,-1,0,10,5",
                "StartKitIV,1,-1,0,10,6",
                "SalineBag,1,-1,0,15,8",
                "BloodBagEmpty,1,-1,0,18,10",
                "FirstAidKit,1,-1,0,20,10"
            ]
        },
        {
            "CategoryName": "Medications",
            "Products": [
                "CharcoalTablets,1,-1,12,2,1",
                "DisinfectantAlcohol,1,-1,200,4,2",
                "VitaminBottle,1,-1,50,6,4",
                "TetracyclineAntibiotics,1,-1,12,8,5",
                "PainkillerTablets,1,-1,12,10,6",
                "Epinephrine,1,-1,0,20,10",
                "Morphine,1,-1,0,25,15"
            ]
        },
        {
            "CategoryName": "Tools (small)",
            "Products": [
                "Screwdriver,1,-1,0,3,1",
                "Wrench,1,-1,0,3,1",
                "SewingKit,1,-1,100,4,1",
                "Pliers,1,-1,0,4,1",
                "LeatherSewingKit,1,-1,100,5,2",
                "Whetstone,1,-1,100,5,2",
                "Hammer,1,-1,0,7,3",
                "Hacksaw,1,-1,0,7,3",
                "HandSaw,1,-1,0,7,3",
                "WeaponCleaningKit,1,-1,100,8,3",
                "KitchenKnife,1,-1,0,8,4",
                "SteakKnife,1,-1,0,9,4",
                "HuntingKnife,1,-1,0,9,4",
                "CanOpener,1,-1,0,10,4",
                "Compass,1,-1,0,10,4",
                "OrienteeringCompass,1,-1,0,10,4",
                "Hatchet,1,-1,0,10,4",
                "CombatKnife,1,-1,0,10,5",
                "Machete,1,-1,0,12,6",
                "ChernarusMap,1,-1,0,15,5",
                "Lockpick,1,-1,0,20,10",
                "Binoculars,1,-1,0,30,15",
                "FishingRod,1,-1,0,60,25"
            ]
        },
        {
            "CategoryName": "Tools (big)",
            "Products": [
                "LugWrench,1,-1,0,4,1",
                "Crowbar,1,-1,0,5,3",
                "Shovel,1,-1,0,6,3",
                "Pickaxe,1,-1,0,10,4",
                "SledgeHammer,1,-1,0,12,6",
                "PipeWrench,1,-1,1,15,7",
                "WoodAxe,1,-1,0,20,8",
                "FirefighterAxe,1,-1,0,30,12"
            ]
        },
        {
            "CategoryName": "Electronics",
            "Products": [
                "Battery9V,1,-1,50,8,3",
                "PersonalRadio,1,-1,0,10,5",
                "Megaphone,1,-1,0,30,15",
                "ElectronicRepairKit,1,-1,100,35,17",
                "CableReel,1,-1,0,40,20",
                "BatteryCharger,1,-1,0,40,20",
                "BaseRadio,1,-1,0,50,30",
                "Rangefinder,1,-1,0,60,35",
                "NVGoggles,1,-1,0,400,220"
            ]
        },
        {
            "CategoryName": "Fire & Lights",
            "Products": [
                "Chemlight_Blue,1,-1,100,2,1",
                "Chemlight_Green,1,-1,100,2,1",
                "Chemlight_Red,1,-1,100,2,1",
                "Chemlight_White,1,-1,100,2,1",
                "Chemlight_Yellow,1,-1,100,2,1",
                "Roadflare,1,-1,20,4,2",
                "Matchbox,1,-1,100,6,3",
                "Flashlight,1,-1,0,15,5",
                "PortableGasLamp,1,-1,0,25,10",
                "PortableGasStove,1,-1,0,30,15",
                "Headtorch_Black,1,-1,0,40,20",
                "Headtorch_Grey,1,-1,0,40,20",
                "Spotlight,1,-1,0,600,200"
            ]
        },
        {
            "CategoryName": "Cooking & Hunting Supplies",
            "Products": [
                "PurificationTablets,1,-1,10,5,2",
                "Pot,1,-1,0,25,10",
                "Tripod,1,-1,0,35,15",
                "BearTrap,1,-1,0,50,30"
            ]
        },
        {
            "CategoryName": "Hardware Supplies",
            "Products": [
                "Paper,1,-1,0,1,0",
                "Pen_Blue,1,-1,0,2,1",
                "Rope,1,-1,0,4,1",
                "TannedLeather,1,-1,8,4,1",
                "AntiPestsSpray,1,-1,120,8,4",
                "MetalWire,1,-1,0,15,6",
                "EpoxyPutty,1,-1,100,15,6",
                "DuctTape,1,-1,100,20,8",
                "XmasLights,1,-1,0,25,10",
                "HandcuffKeys,1,-1,0,35,12",
                "Handcuffs,1,-1,0,50,15",
                "Netting,1,-1,1,50,10",
                "BurlapSack,1,-1,0,50,10",
                "WoodenPlank,1,-1,10,50,15",
                "MetalPlate,1,-1,40,60,18",
                "SmallProtectorCase,1,-1,0,70,30",
                "AmmoBox,1,-1,0,80,35",
                "SmallGasCanister,1,-1,20,80,35",
                "MediumGasCanister,1,-1,20,100,40",
                "LargeGasCanister,1,-1,20,200,70",
                "CanisterGasoline,1,-1,20000,300,80",
                "NailBox,1,-1,0,300,120",
                "BarbedWire,1,-1,0,450,200",
                "Camonet,1,-1,0,600,250",
                "HescoBox,1,-1,0,650,250",
                "CombinationLock,1,-1,0,700,300",
                "CombinationLock4,1,-1,0,900,400",
                "BarrelHoles_Blue,1,-1,0,800,300",
                "BarrelHoles_Green,1,-1,0,800,300",
                "BarrelHoles_Red,1,-1,0,800,300",
                "BarrelHoles_Yellow,1,-1,0,800,300",
                "Barrel_Blue,1,-1,0,1500,350",
                "Barrel_Green,1,-1,0,1500,350",
                "Barrel_Red,1,-1,0,1500,350",
                "Barrel_Yellow,1,-1,0,1500,350",
                "SeaChest,1,-1,0,2000,400",
                "PowerGenerator,1,-1,0,3000,1000",
                "MediumTent,1,-1,0,3000,500",
                "CarTent,1,-1,0,5000,700",
                "LargeTent,1,-1,0,7000,1200"
            ]
        },
        {
            "CategoryName": "Seeds & Lime",
            "Products": [
                "TomatoSeedsPack,1,-1,0,4,1",
                "PepperSeedsPack,1,-1,0,4,1",
                "ZucchiniSeedsPack,1,-1,0,6,2",
                "PumpkinSeedsPack,1,-1,0,10,3",
                "GardenLime,1,-1,5000,20,7"
            ]
        },
        {
            "CategoryName": "Fluffy Pets <3",
            "Products": [
                "Bear_Beige,1,-1,0,5,1",
                "Bear_Dark,1,-1,0,5,1",
                "Bear_Pink,1,-1,0,5,1",
                "Bear_White,1,-1,0,5,1"
            ]
        },
        {
            "CategoryName": "Melee",
            "Products": [
                "BrassKnuckles_Shiny,1,-1,1,15,6",
                "StunBaton,1,-1,1,15,9",
                "Pipe,1,-1,1,25,10",
                "CattleProd,1,-1,1,25,15",
                "BaseballBat,1,-1,1,35,17",
                "NailedBaseballBat,1,-1,1,45,20"
            ]
        },
        {
            "CategoryName": "Sidearms",
            "Products": [
                "Flaregun,1,-1,1,80,40",
                "MakarovIJ70,1,-1,1,100,50",
                "CZ75,1,-1,1,135,70",
                "FNX45,1,-1,1,175,90",
                "Glock19,1,-1,1,300,130",
                "MKII,1,-1,1,320,160",
                "Colt1911,1,-1,1,340,180",
                "Engraved1911,1,-1,1,340,180"
            ]
        },
        {
            "CategoryName": "Rifles",
            "Products": [
                "Izh18,1,-1,1,350,175",
                "Mosin9130,1,-1,1,400,200",
                "CZ527,1,-1,1,500,250",
                "Winchester70,1,-1,1,500,250",
                "SKS,1,-1,1,600,300"
            ]
        },
        {
            "CategoryName": "Shotguns",
            "Products": [
                "Mp133Shotgun,1,-1,1,500,250",
                "Izh43Shotgun,1,-1,1,900,400",
                "Saiga,1,-1,1,1500,600"
            ]
        },
        {
            "CategoryName": "Submachine Guns",
            "Products": [
                "CZ61,1,-1,1,700,300",
                "UMP45,1,-1,1,800,350",
                "MP5K,1,-1,1,1000,450",
                "AKS74U,1,-1,1,1100,600"
            ]
        },
        {
            "CategoryName": "Assault Rifles",
            "Products": [
                "FAL,1,-1,1,1000,450",
                "AKM,1,-1,1,1500,750",
                "AK101,1,-1,1,1500,750",
                "AK74,1,-1,1,1600,750",
                "M4A1,1,-1,1,1500,750"
            ]
        },
        {
            "CategoryName": "Sniper Rifles",
            "Products": [
                "VSS,1,-1,1,1600,960",
                "B95,1,-1,1,1700,1100",
                "SVD,1,-1,1,2000,1200"
            ]
        },
        {
            "CategoryName": "Grenades",
            "Products": [
                "RGD5Grenade,1,-1,1,300,100",
                "M67Grenade,1,-1,1,300,100",
                "M18SmokeGrenade_Red,1,-1,1,300,100",
                "M18SmokeGrenade_Green,1,-1,1,300,100",
                "M18SmokeGrenade_Yellow,1,-1,1,300,100",
                "M18SmokeGrenade_Purple,1,-1,1,300,100",
                "M18SmokeGrenade_White,1,-1,1,300,100",
                "RDG2SmokeGrenade_Black,1,-1,1,300,100",
                "RDG2SmokeGrenade_White,1,-1,1,300,100",
                "FlashGrenade,1,-1,1,300,100"
            ]
        },
        {
            "CategoryName": "Ammunition",
            "Products": [
                "Ammo_380,1,-1,1,1,-1",
                "Ammo_9x19,1,-1,1,1,-1",
                "Ammo_22,1,-1,1,1,-1",
                "Ammo_45ACP,1,-1,1,1,-1",
                "Ammo_12gaPellets,1,-1,1,3,1",
                "Ammo_12gaSlug,1,-1,1,4,2",
                "Ammo_9x39,1,-1,1,4,2",
                "Ammo_9x39AP,1,-1,1,5,3",
                "Ammo_308Win,1,-1,1,5,3",
                "Ammo_545x39,1,-1,1,5,3",
                "Ammo_556x45,1,-1,1,5,3",
                "Ammo_762x39,1,-1,1,5,3",
                "Ammo_762x54,1,-1,1,10,6",
                "Ammo_556x45Tracer,1,-1,1,10,5",
                "Ammo_545x39Tracer,1,-1,1,10,5",
                "Ammo_308WinTracer,1,-1,1,10,5",
                "Ammo_762x39Tracer,1,-1,1,10,5",
                "Ammo_Flare,1,-1,1,15,7",
                "Ammo_FlareBlue,1,-1,1,15,7",
                "Ammo_FlareGreen,1,-1,1,15,7",
                "Ammo_FlareRed,1,-1,1,15,7",
                "Ammo_762x54Tracer,1,-1,1,20,12",
                "AmmoBox_380_35rnd,1,-1,0,28,-1",
                "AmmoBox_9x19_25rnd,1,-1,0,20,-1",
                "AmmoBox_45ACP_25rnd,1,-1,0,20,-1",
                "AmmoBox_22_50Rnd,1,-1,0,60,20",
                "AmmoBox_00buck_10rnd,1,-1,0,24,10",
                "AmmoBox_12gaSlug_10Rnd,1,-1,0,32,20",
                "AmmoBox_9x39_20Rnd,1,-1,0,32,20",
                "AmmoBox_9x39AP_20Rnd,1,-1,0,80,60",
                "AmmoBox_308Win_20Rnd,1,-1,0,80,60",
                "AmmoBox_545x39_20Rnd,1,-1,0,80,60",
                "AmmoBox_556x45_20Rnd,1,-1,0,80,60",
                "AmmoBox_762x39_20Rnd,1,-1,0,80,60",
                "AmmoBox_762x54_20Rnd,1,-1,0,200,120",
                "AmmoBox_308WinTracer_20Rnd,1,-1,0,160,80",
                "AmmoBox_545x39Tracer_20Rnd,1,-1,0,160,80",
                "AmmoBox_556x45Tracer_20Rnd,1,-1,0,160,80",
                "AmmoBox_762x39Tracer_20Rnd,1,-1,0,160,80",
                "AmmoBox_762x54Tracer_20Rnd,1,-1,0,400,200"
            ]
        },
        {
            "CategoryName": "Magazines",
            "Products": [
                "Mag_IJ70_8Rnd,1,-1,0,30,15",
                "Mag_CZ75_15Rnd,1,-1,0,40,20",
                "Mag_Glock_15Rnd,1,-1,0,40,20",
                "Mag_MKII_10Rnd,1,-1,0,40,20",
                "Mag_1911_7Rnd,1,-1,0,40,20",
                "Mag_FNX45_15Rnd,1,-1,0,40,20",
                "Mag_CZ527_5rnd,1,-1,0,60,30",
                "Mag_CZ61_20Rnd,1,-1,0,100,50",
                "Mag_UMP_25Rnd,1,-1,0,150,75",
                "Mag_MP5_30Rnd,1,-1,0,200,100",
                "Mag_FAL_20Rnd,1,-1,0,100,50",
                "Mag_Saiga_5Rnd,1,-1,0,100,50",
                "Mag_Saiga_8Rnd,1,-1,0,220,60",
                "Mag_Saiga_Drum20Rnd,1,-1,0,480,110",
                "Mag_AKM_30Rnd,1,-1,0,220,110",
                "Mag_AKM_Palm30Rnd,1,-1,0,220,110",
                "Mag_AKM_Drum75Rnd,1,-1,0,480,220",
                "Mag_AK101_30Rnd,1,-1,0,220,110",
                "Mag_AK74_30Rnd,1,-1,0,220,110",
                "Mag_STANAG_30Rnd,1,-1,0,220,110",
                "Mag_STANAGCoupled_30Rnd,1,-1,0,480,220",
                "Mag_CMAG_10Rnd,1,-1,0,120,60",
                "Mag_CMAG_20Rnd,1,-1,0,180,80",
                "Mag_CMAG_30Rnd,1,-1,0,220,110",
                "Mag_CMAG_40Rnd,1,-1,0,300,150",
                "Mag_VSS_10Rnd,1,-1,0,220,110",
                "Mag_SVD_10Rnd,1,-1,0,250,125",
                "Mag_308WinSnaploader_2Rnd,1,-1,0,250,125"
            ]
        },
        {
            "CategoryName": "Handguards",
            "Products": [
                "MP5_PlasticHndgrd,1,-1,0,100,50",
                "MP5_RailHndgrd,1,-1,0,150,75",
                "AK74_Hndgrd,1,-1,0,150,75",
                "AK_WoodHndgrd,1,-1,0,200,100",
                "AK_RailHndgrd,1,-1,0,200,100",
                "AK_PlasticHndgrd,1,-1,0,200,100",
                "M4_PlasticHndgrd,1,-1,0,150,75",
                "M4_RISHndgrd,1,-1,0,200,100",
                "M4_MPHndgrd,1,-1,0,200,100"
            ]
        },
        {
            "CategoryName": "Buttstocks",
            "Products": [
                "MP5k_StockBttstck,1,-1,0,100,50",
                "Fal_OeBttstck,1,-1,0,100,50",
                "Fal_FoldingBttstck,1,-1,0,150,75",
                "Saiga_Bttstck,1,-1,0,150,75",
                "AKS74U_Bttstck,1,-1,0,150,75",
                "AK74_WoodBttstck,1,-1,0,150,75",
                "AK_PlasticBttstck,1,-1,0,100,50",
                "AK_WoodBttstck,1,-1,0,150,75",
                "AK_FoldingBttstck,1,-1,0,250,125",
                "M4_OEBttstck,1,-1,0,150,75",
                "M4_CQBBttstck,1,-1,0,150,75",
                "M4_MPBttstck,1,-1,0,150,75"
            ]
        },
        {
            "CategoryName": "Optics",
            "Products": [
                "M4_CarryHandleOptic,1,-1,0,150,60",
                "BUISOptic,1,-1,0,150,60",
                "FNP45_MRDSOptic,1,-1,0,250,100",
                "ACOGOptic,1,-1,0,300,120",
                "M68Optic,1,-1,0,500,200",
                "M4_T3NRDSOptic,1,-1,0,500,200",
                "KobraOptic,1,-1,0,600,250",
                "KashtanOptic,1,-1,0,700,300",
                "PUScopeOptic,1,-1,0,900,500",
                "HuntingOptic,1,-1,0,1000,550",
                "PSO1Optic,1,-1,0,1100,600",
                "PSO11Optic,1,-1,0,1400,840",
                "KazuarOptic,1,-1,0,2200,1400"
            ]
        },
        {
            "CategoryName": "Supressors",
            "Products": [
                "PistolSuppressor,1,-1,0,150,75",
                "AK_Suppressor,1,-1,0,250,125",
                "M4_Suppressor,1,-1,0,250,125"
            ]
        },
        {
            "CategoryName": "Compensators",
            "Products": [
                "Mosin_Compensator,1,-1,0,150,75",
                "MP5_Compensator,1,-1,0,200,100"
            ]
        },
        {
            "CategoryName": "Bayonets",
            "Products": [
                "Mosin_Bayonet,1,-1,0,100,60",
                "M9A1_Bayonet,1,-1,0,150,75",
                "AK_Bayonet,1,-1,0,150,75",
                "SKS_Bayonet,1,-1,0,100,60"
            ]
        },
        {
            "CategoryName": "Flashlights",
            "Products": [
                "Universallight,1,-1,0,120,60"
            ]
        },
        {
            "CategoryName": "Glasses",
            "Products": [
                "SportGlasses_Orange,1,-1,0,17,8",
                "SportGlasses_Blue,1,-1,0,18,9",
                "SportGlasses_Black,1,-1,0,20,10",
                "SportGlasses_Green,1,-1,0,20,10",
                "ThinFramesGlasses,1,-1,0,20,10",
                "ThickFramesGlasses,1,-1,0,23,11",
                "DesignerGlasses,1,-1,0,30,15",
                "AviatorGlasses,1,-1,0,40,20",
                "TacticalGoggles,1,-1,0,60,30",
                "NVGHeadstrap,1,-1,0,200,120"
            ]
        },
        {
            "CategoryName": "Armbands",
            "Products": [
                "Armband_Pink,1,-1,0,15,5",
                "Armband_Yellow,1,-1,0,15,5",
                "Armband_Orange,1,-1,0,15,5",
                "Armband_Red,1,-1,0,15,5",
                "Armband_Blue,1,-1,0,15,5",
                "Armband_White,1,-1,0,15,5",
                "Armband_Black,1,-1,0,15,5",
                "Armband_Green,1,-1,0,15,5"
            ]
        },
        {
            "CategoryName": "Gloves",
            "Products": [
                "SurgicalGloves_LightBlue,1,-1,0,5,1",
                "SurgicalGloves_Blue,1,-1,0,5,1",
                "SurgicalGloves_White,1,-1,0,5,1",
                "SurgicalGloves_Green,1,-1,0,5,1",
                "WorkingGloves_Yellow,1,-1,0,25,6",
                "WorkingGloves_Beige,1,-1,0,30,8",
                "WorkingGloves_Brown,1,-1,0,30,8",
                "WorkingGloves_Black,1,-1,0,30,8",
                "TacticalGloves_Beige,1,-1,0,35,10",
                "TacticalGloves_Black,1,-1,0,35,10",
                "TacticalGloves_Green,1,-1,0,35,10",
                "OMNOGloves_Gray,1,-1,0,40,12",
                "OMNOGloves_Brown,1,-1,0,40,12",
                "NBCGlovesGray,1,-1,0,65,20"
            ]
        },
        {
            "CategoryName": "Hats & Caps",
            "Products": [
                "MedicalScrubsHat_Blue,1,-1,0,2,1",
                "MedicalScrubsHat_White,1,-1,0,2,1",
                "MedicalScrubsHat_Green,1,-1,0,2,1",
                "Bandana_Polkapattern,1,-1,0,6,2",
                "Bandana_Redpattern,1,-1,0,6,2",
                "Bandana_Blackpattern,1,-1,0,6,2",
                "Bandana_Greenpattern,1,-1,0,8,2",
                "Bandana_Camopattern,1,-1,0,10,3",
                "BaseballCap_CMMG_Pink,1,-1,0,12,3",
                "BaseballCap_Pink,1,-1,0,12,3",
                "BaseballCap_Red,1,-1,0,12,3",
                "BaseballCap_Blue,1,-1,0,12,3",
                "BaseballCap_Beige,1,-1,0,12,3",
                "BaseballCap_CMMG_Black,1,-1,0,12,3",
                "BaseballCap_Black,1,-1,0,13,3",
                "BaseballCap_Olive,1,-1,0,14,4",
                "BaseballCap_Camo,1,-1,0,16,5",
                "PrisonerCap,1,-1,0,16,5",
                "BoonieHat_Orange,1,-1,0,16,5",
                "BoonieHat_Red,1,-1,0,16,5",
                "BoonieHat_Blue,1,-1,0,16,5",
                "BoonieHat_NavyBlue,1,-1,0,16,5",
                "BoonieHat_Black,1,-1,0,17,5",
                "BoonieHat_Tan,1,-1,0,18,6",
                "BoonieHat_Olive,1,-1,0,18,6",
                "BoonieHat_DPM,1,-1,0,20,7",
                "BoonieHat_Dubok,1,-1,0,20,7",
                "BoonieHat_Flecktran,1,-1,0,20,7",
                "CowboyHat_Brown,1,-1,0,20,7",
                "CowboyHat_darkBrown,1,-1,0,20,7",
                "CowboyHat_black,1,-1,0,20,7",
                "CowboyHat_green,1,-1,0,20,7",
                "PilotkaCap,1,-1,0,25,7",
                "OfficerHat,1,-1,0,25,7",
                "PoliceCap,1,-1,0,25,7",
                "MilitaryBeret_ChDKZ,1,-1,0,26,7",
                "MilitaryBeret_Red,1,-1,0,26,7",
                "MilitaryBeret_UN,1,-1,0,26,7",
                "MilitaryBeret_CDF,1,-1,0,27,7",
                "MilitaryBeret_NZ,1,-1,0,27,7",
                "BeanieHat_Pink,1,-1,0,30,8",
                "BeanieHat_Red,1,-1,0,30,8",
                "BeanieHat_Blue,1,-1,0,30,8",
                "BeanieHat_Grey,1,-1,0,30,8",
                "BeanieHat_Beige,1,-1,0,30,8",
                "BeanieHat_Brown,1,-1,0,30,8",
                "BeanieHat_Black,1,-1,0,31,8",
                "BeanieHat_Green,1,-1,0,32,9",
                "FlatCap_Red,1,-1,0,32,8",
                "FlatCap_Blue,1,-1,0,32,8",
                "FlatCap_BrownCheck,1,-1,0,32,8",
                "FlatCap_GreyCheck,1,-1,0,32,8",
                "FlatCap_Grey,1,-1,0,32,8",
                "FlatCap_Brown,1,-1,0,32,8",
                "FlatCap_Black,1,-1,0,32,8",
                "FlatCap_BlackCheck,1,-1,0,32,8",
                "ZmijovkaCap_Red,1,-1,0,36,9",
                "ZmijovkaCap_Blue,1,-1,0,36,9",
                "ZmijovkaCap_Brown,1,-1,0,36,9",
                "ZmijovkaCap_Black,1,-1,0,37,9",
                "ZmijovkaCap_Green,1,-1,0,38,10",
                "RadarCap_Red,1,-1,0,40,10",
                "RadarCap_Blue,1,-1,0,40,10",
                "RadarCap_Brown,1,-1,0,40,10",
                "RadarCap_Black,1,-1,0,42,10",
                "RadarCap_Green,1,-1,0,45,12",
                "Ushanka_Blue,1,-1,0,50,15",
                "Ushanka_Black,1,-1,0,50,15",
                "Ushanka_Green,1,-1,0,55,18",
                "NBCHoodGray,1,-1,0,100,30"
            ]
        },
        {
            "CategoryName": "Helmets",
            "Products": [
                "ConstructionHelmet_Yellow,1,-1,0,30,7",
                "ConstructionHelmet_Orange,1,-1,0,30,7",
                "ConstructionHelmet_Red,1,-1,0,30,7",
                "ConstructionHelmet_Blue,1,-1,0,30,7",
                "ConstructionHelmet_White,1,-1,0,30,7",
                "ConstructionHelmet_Lime,1,-1,0,33,8",
                "SkateHelmet_Red,1,-1,0,45,12",
                "SkateHelmet_Blue,1,-1,0,45,12",
                "SkateHelmet_Gray,1,-1,0,45,12",
                "SkateHelmet_Black,1,-1,0,47,12",
                "SkateHelmet_Green,1,-1,0,50,13",
                "HockeyHelmet_Red,1,-1,0,50,13",
                "HockeyHelmet_Blue,1,-1,0,50,13",
                "HockeyHelmet_White,1,-1,0,50,13",
                "HockeyHelmet_Black,1,-1,0,55,14",
                "DirtBikeHelmet_Mouthguard,1,-1,0,15,4",
                "DirtBikeHelmet_Visor,1,-1,0,25,8",
                "DirtBikeHelmet_Red,1,-1,0,60,15",
                "DirtBikeHelmet_Blue,1,-1,0,60,15",
                "DirtBikeHelmet_Police,1,-1,0,60,15",
                "DirtBikeHelmet_Green,1,-1,0,60,15",
                "DirtBikeHelmet_Chernarus,1,-1,0,60,15",
                "DirtBikeHelmet_Black,1,-1,0,65,16",
                "DirtBikeHelmet_Khaki,1,-1,0,70,18",
                "MotoHelmet_Red,1,-1,0,70,18",
                "MotoHelmet_Blue,1,-1,0,70,18",
                "MotoHelmet_White,1,-1,0,70,18",
                "MotoHelmet_Lime,1,-1,0,70,18",
                "MotoHelmet_Grey,1,-1,0,75,18",
                "MotoHelmet_Black,1,-1,0,75,20",
                "MotoHelmet_Green,1,-1,0,80,22",
                "DarkMotoHelmet_Red,1,-1,0,80,22",
                "DarkMotoHelmet_Blue,1,-1,0,80,22",
                "DarkMotoHelmet_White,1,-1,0,80,22",
                "DarkMotoHelmet_Lime,1,-1,0,80,22",
                "DarkMotoHelmet_Grey,1,-1,0,80,22",
                "DarkMotoHelmet_Black,1,-1,0,85,23",
                "DarkMotoHelmet_Green,1,-1,0,90,25",
                "TankerHelmet,1,-1,0,100,25",
                "GreatHelm,1,-1,0,120,30",
                "ZSh3PilotHelmet,1,-1,0,130,35",
                "FirefightersHelmet_Yellow,1,-1,0,150,40",
                "FirefightersHelmet_Red,1,-1,0,150,40",
                "FirefightersHelmet_White,1,-1,0,150,40",
                "Mich2001Helmet,1,-1,0,150,40",
                "GorkaHelmetVisor,1,-1,0,50,20",
                "GorkaHelmet,1,-1,0,190,50",
                "Ssh68Helmet,1,-1,0,250,80",
                "BallisticHelmet_UN,1,-1,0,250,80",
                "BallisticHelmet_Black,1,-1,0,300,100",
                "BallisticHelmet_Green,1,-1,0,350,110"
            ]
        },
        {
            "CategoryName": "Masks",
            "Products": [
                "SurgicalMask,1,-1,0,15,3",
                "BandanaMask_PolkaPattern,1,-1,0,25,6",
                "BandanaMask_RedPattern,1,-1,0,25,6",
                "BandanaMask_BlackPattern,1,-1,0,25,6",
                "BandanaMask_GreenPattern,1,-1,0,30,8",
                "BandanaMask_CamoPattern,1,-1,0,35,10",
                "NioshFaceMask,1,-1,0,40,10",
                "HockeyMask,1,-1,0,40,10",
                "Balaclava3Holes_Blue,1,-1,0,50,12",
                "Balaclava3Holes_Beige,1,-1,0,50,12",
                "Balaclava3Holes_Black,1,-1,0,55,13",
                "Balaclava3Holes_Green,1,-1,0,60,15",
                "WeldingMask,1,-1,0,70,20",
                "GP5GasMask,1,-1,0,120,40"
            ]
        },
        {
            "CategoryName": "Shirts",
            "Products": [
                "TShirt_OrangeWhiteStripes,1,-1,0,8,2",
                "TShirt_RedBlackStripes,1,-1,0,8,2",
                "TShirt_Red,1,-1,0,8,2",
                "TShirt_Blue,1,-1,0,8,2",
                "TShirt_White,1,-1,0,10,2",
                "TShirt_Grey,1,-1,0,10,2",
                "TShirt_Beige,1,-1,0,10,2",
                "TShirt_Black,1,-1,0,12,3",
                "TShirt_Green,1,-1,0,12,3",
                "TelnyashkaShirt,1,-1,0,14,3",
                "Shirt_RedCheck,1,-1,0,16,4",
                "Shirt_BlueCheckBright,1,-1,0,16,4",
                "Shirt_BlueCheck,1,-1,0,16,4",
                "Shirt_WhiteCheck,1,-1,0,16,4",
                "Shirt_PlaneBlack,1,-1,0,17,4",
                "Shirt_GreenCheck,1,-1,0,18,4",
                "Blouse_Violet,1,-1,0,16,4",
                "Blouse_Blue,1,-1,0,16,4",
                "Blouse_White,1,-1,0,16,4",
                "Blouse_Green,1,-1,0,18,4",
                "MedicalScrubsShirt_Blue,1,-1,0,20,5",
                "MedicalScrubsShirt_White,1,-1,0,20,5",
                "MedicalScrubsShirt_Green,1,-1,0,20,5",
                "ChernarusSportShirt,1,-1,0,25,6",
                "TacticalShirt_Grey,1,-1,0,36,10",
                "TacticalShirt_Tan,1,-1,0,37,10",
                "TacticalShirt_Black,1,-1,0,38,10",
                "TacticalShirt_Olive,1,-1,0,40,12"
            ]
        },
        {
            "CategoryName": "Hoodies & Sweater",
            "Products": [
                "Sweater_Red,1,-1,0,20,5",
                "Sweater_Blue,1,-1,0,20,5",
                "Sweater_Gray,1,-1,0,20,5",
                "Sweater_Green,1,-1,0,25,6",
                "Hoodie_Red,1,-1,0,30,6",
                "Hoodie_Blue,1,-1,0,30,6",
                "Hoodie_Grey,1,-1,0,30,6",
                "Hoodie_Brown,1,-1,0,30,6",
                "Hoodie_Black,1,-1,0,30,6",
                "Hoodie_Green,1,-1,0,35,7"
            ]
        },
        {
            "CategoryName": "Vests",
            "Products": [
                "ReflexVest,1,-1,0,5,1",
                "PoliceVest,1,-1,0,35,10",
                "HuntingVest,1,-1,0,55,18",
                "PressVest_LightBlue,1,-1,0,85,28",
                "PressVest_Blue,1,-1,0,90,30",
                "UKAssVest_Black,1,-1,0,90,30",
                "UKAssVest_Khaki,1,-1,0,90,30",
                "UKAssVest_Olive,1,-1,0,90,30",
                "UKAssVest_Camo,1,-1,0,100,35",
                "SmershVest,1,-1,0,150,50",
                "HighCapacityVest_Black,1,-1,0,200,60",
                "HighCapacityVest_Olive,1,-1,0,230,75",
                "PlateCarrierVest,1,-1,0,250,80"
            ]
        },
        {
            "CategoryName": "Jackets & Coats",
            "Products": [
                "LabCoat,1,-1,0,10,2",
                "TrackSuitJacket_Red,1,-1,0,15,3",
                "TrackSuitJacket_LightBlue,1,-1,0,15,3",
                "TrackSuitJacket_Blue,1,-1,0,15,3",
                "TrackSuitJacket_Black,1,-1,0,15,3",
                "TrackSuitJacket_Green,1,-1,0,15,3",
                "DenimJacket,1,-1,0,18,4",
                "ManSuit_Blue,1,-1,0,18,4",
                "ManSuit_White,1,-1,0,18,4",
                "ManSuit_LightGrey,1,-1,0,18,4",
                "ManSuit_DarkGrey,1,-1,0,18,4",
                "ManSuit_Beige,1,-1,0,18,4",
                "ManSuit_Brown,1,-1,0,18,4",
                "ManSuit_Black,1,-1,0,18,4",
                "ManSuit_Khaki,1,-1,0,18,4",
                "WomanSuit_Blue,1,-1,0,18,4",
                "WomanSuit_White,1,-1,0,18,4",
                "WomanSuit_LightGrey,1,-1,0,18,4",
                "WomanSuit_DarkGrey,1,-1,0,18,4",
                "WomanSuit_Beige,1,-1,0,18,4",
                "WomanSuit_Brown,1,-1,0,18,4",
                "WomanSuit_Black,1,-1,0,18,4",
                "WomanSuit_Khaki,1,-1,0,18,4",
                "WoolCoat_Red,1,-1,0,18,4",
                "WoolCoat_RedCheck,1,-1,0,18,4",
                "WoolCoat_Blue,1,-1,0,18,4",
                "WoolCoat_BlueCheck,1,-1,0,18,4",
                "WoolCoat_GreyCheck,1,-1,0,18,4",
                "WoolCoat_BrownCheck,1,-1,0,18,4",
                "WoolCoat_Beige,1,-1,0,18,4",
                "WoolCoat_Black,1,-1,0,19,4",
                "WoolCoat_BlackCheck,1,-1,0,19,4",
                "WoolCoat_Green,1,-1,0,20,5",
                "RidersJacket_Black,1,-1,0,20,5",
                "FirefighterJacket_Beige,1,-1,0,24,6",
                "FirefighterJacket_Black,1,-1,0,24,6",
                "JumpsuitJacket_Red,1,-1,0,26,6",
                "JumpsuitJacket_Blue,1,-1,0,26,6",
                "JumpsuitJacket_Gray,1,-1,0,26,6",
                "JumpsuitJacket_Green,1,-1,0,26,6",
                "BomberJacket_Maroon,1,-1,0,26,6",
                "BomberJacket_SkyBlue,1,-1,0,26,6",
                "BomberJacket_Blue,1,-1,0,26,6",
                "BomberJacket_Grey,1,-1,0,26,6",
                "BomberJacket_Brown,1,-1,0,26,6",
                "BomberJacket_Black,1,-1,0,28,7",
                "BomberJacket_Olive,1,-1,0,30,7",
                "QuiltedJacket_Orange,1,-1,0,26,6",
                "QuiltedJacket_Yellow,1,-1,0,26,6",
                "QuiltedJacket_Red,1,-1,0,26,6",
                "QuiltedJacket_Violet,1,-1,0,26,6",
                "QuiltedJacket_Blue,1,-1,0,26,6",
                "QuiltedJacket_Grey,1,-1,0,26,6",
                "QuiltedJacket_Black,1,-1,0,28,7",
                "QuiltedJacket_Green,1,-1,0,30,7",
                "PrisonUniformJacket,1,-1,0,28,7",
                "PoliceJacketOrel,1,-1,0,32,8",
                "PoliceJacket,1,-1,0,34,8",
                "ParamedicJacket_Crimson,1,-1,0,36,9",
                "ParamedicJacket_Blue,1,-1,0,36,9",
                "ParamedicJacket_Green,1,-1,0,36,9",
                "HikingJacket_Red,1,-1,0,36,9",
                "HikingJacket_Blue,1,-1,0,38,9",
                "HikingJacket_Black,1,-1,0,38,9",
                "HikingJacket_Green,1,-1,0,40,10",
                "Raincoat_Pink,1,-1,0,70,15",
                "Raincoat_Orange,1,-1,0,70,15",
                "Raincoat_Yellow,1,-1,0,70,15",
                "Raincoat_Red,1,-1,0,70,15",
                "Raincoat_Blue,1,-1,0,70,15",
                "Raincoat_Black,1,-1,0,80,20",
                "Raincoat_Green,1,-1,0,100,25",
                "TTsKOJacket_Camo,1,-1,0,100,25",
                "BDUJacket,1,-1,0,100,25",
                "HuntingJacket_Winter,1,-1,0,120,35",
                "HuntingJacket_Brown,1,-1,0,120,35",
                "HuntingJacket_Autumn,1,-1,0,120,35",
                "HuntingJacket_Spring,1,-1,0,120,35",
                "HuntingJacket_Summer,1,-1,0,120,35",
                "M65Jacket_Tan,1,-1,0,130,40",
                "M65Jacket_Black,1,-1,0,130,40",
                "M65Jacket_Khaki,1,-1,0,130,40",
                "M65Jacket_Olive,1,-1,0,130,40",
                "GorkaEJacket_Autumn,1,-1,0,140,45",
                "GorkaEJacket_Flat,1,-1,0,140,45",
                "GorkaEJacket_PautRev,1,-1,0,140,45",
                "GorkaEJacket_Summer,1,-1,0,140,45",
                "USMCJacket_Desert,1,-1,0,140,45",
                "USMCJacket_Woodland,1,-1,0,155,55",
                "NBCJacketGray,1,-1,0,250,80"
            ]
        },
        {
            "CategoryName": "Skirts & Dresses",
            "Products": [
                "Skirt_Yellow,1,-1,0,30,10",
                "Skirt_Red,1,-1,0,30,10",
                "Skirt_Blue,1,-1,0,30,10",
                "Skirt_White,1,-1,0,30,10",
                "MiniDress_Pink,1,-1,0,35,10",
                "MiniDress_PinkChecker,1,-1,0,35,10",
                "MiniDress_RedChecker,1,-1,0,35,10",
                "MiniDress_BlueChecker,1,-1,0,35,10",
                "MiniDress_BlueWithDots,1,-1,0,35,10",
                "MiniDress_WhiteChecker,1,-1,0,35,10",
                "MiniDress_BrownChecker,1,-1,0,35,10",
                "MiniDress_GreenChecker,1,-1,0,35,10",
                "NurseDress_Blue,1,-1,0,40,10",
                "NurseDress_White,1,-1,0,40,10"
            ]
        },
        {
            "CategoryName": "Pants",
            "Products": [
                "MedicalScrubsPants_Blue,1,-1,0,10,2",
                "MedicalScrubsPants_White,1,-1,0,10,2",
                "MedicalScrubsPants_Green,1,-1,0,10,2",
                "TrackSuitPants_Red,1,-1,0,15,3",
                "TrackSuitPants_LightBlue,1,-1,0,15,3",
                "TrackSuitPants_Blue,1,-1,0,15,3",
                "TrackSuitPants_Black,1,-1,0,15,3",
                "TrackSuitPants_Green,1,-1,0,15,3",
                "PrisonUniformPants,1,-1,0,17,4",
                "Breeches_Pink,1,-1,0,20,5",
                "Breeches_Red,1,-1,0,20,5",
                "Breeches_Blue,1,-1,0,20,5",
                "Breeches_White,1,-1,0,20,5",
                "Breeches_Beetcheck,1,-1,0,20,5",
                "Breeches_Beige,1,-1,0,21,5",
                "Breeches_Browncheck,1,-1,0,21,5",
                "Breeches_Black,1,-1,0,22,5",
                "Breeches_Blackcheck,1,-1,0,22,5",
                "Breeches_Green,1,-1,0,24,6",
                "SlacksPants_Blue,1,-1,0,20,5",
                "SlacksPants_White,1,-1,0,20,5",
                "SlacksPants_LightGrey,1,-1,0,20,5",
                "SlacksPants_DarkGrey,1,-1,0,20,5",
                "SlacksPants_Beige,1,-1,0,20,5",
                "SlacksPants_Brown,1,-1,0,21,5",
                "SlacksPants_Black,1,-1,0,22,5",
                "SlacksPants_Khaki,1,-1,0,24,6",
                "CanvasPantsMidi_Red,1,-1,0,24,6",
                "CanvasPantsMidi_Violet,1,-1,0,24,6",
                "CanvasPantsMidi_Blue,1,-1,0,24,6",
                "CanvasPantsMidi_Grey,1,-1,0,24,6",
                "CanvasPantsMidi_Beige,1,-1,0,25,6",
                "CanvasPants_Red,1,-1,0,26,6",
                "CanvasPants_Violet,1,-1,0,26,6",
                "CanvasPants_Blue,1,-1,0,26,6",
                "CanvasPants_Grey,1,-1,0,26,6",
                "CanvasPants_Beige,1,-1,0,28,6",
                "JumpsuitPants_Red,1,-1,0,28,6",
                "JumpsuitPants_Blue,1,-1,0,28,6",
                "JumpsuitPants_Grey,1,-1,0,28,6",
                "JumpsuitPants_Green,1,-1,0,28,6",
                "PolicePants,1,-1,0,28,6",
                "ParamedicPants_Crimson,1,-1,0,35,8",
                "ParamedicPants_Blue,1,-1,0,35,8",
                "ParamedicPants_Green,1,-1,0,35,8",
                "FirefightersPants_Beige,1,-1,0,35,8",
                "FirefightersPants_Black,1,-1,0,35,8",
                "CargoPants_Blue,1,-1,0,35,8",
                "CargoPants_Grey,1,-1,0,35,8",
                "CargoPants_Beige,1,-1,0,35,8",
                "CargoPants_Black,1,-1,0,35,8",
                "CargoPants_Green,1,-1,0,35,8",
                "ShortJeans_Red,1,-1,0,38,8",
                "ShortJeans_Blue,1,-1,0,38,8",
                "ShortJeans_Darkblue,1,-1,0,38,8",
                "ShortJeans_Brown,1,-1,0,38,8",
                "ShortJeans_Black,1,-1,0,40,10",
                "ShortJeans_Green,1,-1,0,42,10",
                "Jeans_Blue,1,-1,0,40,10",
                "Jeans_BlueDark,1,-1,0,40,10",
                "Jeans_Grey,1,-1,0,40,10",
                "Jeans_Brown,1,-1,0,40,10",
                "Jeans_Black,1,-1,0,42,10",
                "Jeans_Green,1,-1,0,45,12",
                "TTSKOPants,1,-1,0,55,15",
                "BDUPants,1,-1,0,65,18",
                "USMCPants_Desert,1,-1,0,65,18",
                "USMCPants_Woodland,1,-1,0,70,20",
                "PolicePantsOrel,1,-1,0,70,20",
                "HunterPants_Winter,1,-1,0,90,25",
                "HunterPants_Brown,1,-1,0,100,30",
                "HunterPants_Spring,1,-1,0,100,30",
                "HunterPants_Autumn,1,-1,0,100,30",
                "HunterPants_Summer,1,-1,0,100,30",
                "GorkaPants_Flat,1,-1,0,130,40",
                "GorkaPants_PautRev,1,-1,0,130,40",
                "GorkaPants_Autumn,1,-1,0,130,40",
                "GorkaPants_Summer,1,-1,0,130,40",
                "NBCPantsGray,1,-1,0,200,65"
            ]
        },
        {
            "CategoryName": "Shoes & Boots",
            "Products": [
                "AthleticShoes_Blue,1,-1,0,17,4",
                "AthleticShoes_Grey,1,-1,0,20,5",
                "AthleticShoes_Brown,1,-1,0,20,5",
                "AthleticShoes_Black,1,-1,0,23,5",
                "AthleticShoes_Green,1,-1,0,23,5",
                "JoggingShoes_Violet,1,-1,0,30,7",
                "JoggingShoes_Red,1,-1,0,30,7",
                "JoggingShoes_Blue,1,-1,0,30,7",
                "JoggingShoes_White,1,-1,0,30,7",
                "JoggingShoes_Black,1,-1,0,30,7",
                "Sneakers_Red,1,-1,0,30,7",
                "Sneakers_White,1,-1,0,30,7",
                "Sneakers_Gray,1,-1,0,30,7",
                "Sneakers_Black,1,-1,0,31,7",
                "Sneakers_Green,1,-1,0,32,7",
                "DressShoes_White,1,-1,0,32,7",
                "DressShoes_Brown,1,-1,0,35,8",
                "DressShoes_Black,1,-1,0,35,8",
                "DressShoes_Beige,1,-1,0,35,8",
                "DressShoes_Sunburst,1,-1,0,35,8",
                "HikingBootsLow_Blue,1,-1,0,45,12",
                "HikingBootsLow_Grey,1,-1,0,45,12",
                "HikingBootsLow_Beige,1,-1,0,48,13",
                "HikingBootsLow_Black,1,-1,0,50,14",
                "WorkingBoots_Yellow,1,-1,0,55,12",
                "WorkingBoots_Grey,1,-1,0,60,15",
                "WorkingBoots_Beige,1,-1,0,60,15",
                "WorkingBoots_Brown,1,-1,0,60,15",
                "WorkingBoots_Green,1,-1,0,65,17",
                "HikingBoots_Brown,1,-1,0,75,20",
                "HikingBoots_Black,1,-1,0,75,20",
                "CombatBoots_Grey,1,-1,0,80,22",
                "CombatBoots_Beige,1,-1,0,80,22",
                "CombatBoots_Brown,1,-1,0,80,22",
                "CombatBoots_Black,1,-1,0,80,22",
                "CombatBoots_Green,1,-1,0,80,22",
                "JungleBoots_Beige,1,-1,0,85,24",
                "JungleBoots_Brown,1,-1,0,85,24",
                "JungleBoots_Black,1,-1,0,85,24",
                "JungleBoots_Olive,1,-1,0,85,24",
                "JungleBoots_Green,1,-1,0,85,24",
                "Wellies_Grey,1,-1,0,85,25",
                "Wellies_Brown,1,-1,0,85,25",
                "Wellies_Black,1,-1,0,85,25",
                "Wellies_Green,1,-1,0,90,28",
                "TTSKOBoots,1,-1,0,100,35",
                "MilitaryBoots_Redpunk,1,-1,0,100,35",
                "MilitaryBoots_Bluerock,1,-1,0,105,35",
                "MilitaryBoots_Beige,1,-1,0,110,35",
                "MilitaryBoots_Brown,1,-1,0,110,35",
                "MilitaryBoots_Black,1,-1,0,110,35",
                "NBCBootsGray,1,-1,0,150,50"
            ]
        },
        {
            "CategoryName": "Ghillie",
            "Products": [
                "GhillieAtt_Mossy,1,-1,0,220,70",
                "GhillieAtt_Tan,1,-1,0,220,70",
                "GhillieAtt_Woodland,1,-1,0,220,70",
                "GhillieHood_Mossy,1,-1,0,220,70",
                "GhillieHood_Tan,1,-1,0,220,70",
                "GhillieHood_Woodland,1,-1,0,220,70",
                "GhillieBushrag_Mossy,1,-1,0,400,130",
                "GhillieBushrag_Tan,1,-1,0,400,130",
                "GhillieBushrag_Woodland,1,-1,0,400,130",
                "GhillieTop_Mossy,1,-1,0,600,200",
                "GhillieTop_Tan,1,-1,0,600,200",
                "GhillieTop_Woodland,1,-1,0,600,200",
                "GhillieSuit_Mossy,1,-1,0,1000,300",
                "GhillieSuit_Tan,1,-1,0,1000,300",
                "GhillieSuit_Woodland,1,-1,0,1000,300"
            ]
        },
        {
            "CategoryName": "Holster & Pouches",
            "Products": [
                "ChestHolster,1,-1,0,60,20",
                "PlateCarrierHolster,1,-1,0,60,20",
                "PlateCarrierPouches,1,-1,0,100,20"
            ]
        },
        {
            "CategoryName": "Belt",
            "Products": [
                "CivilianBelt,1,-1,0,100,30",
                "MilitaryBelt,1,-1,0,100,30"
            ]
        },
        {
            "CategoryName": "Bags",
            "Products": [
                "ChildBag_Red,1,-1,0,20,5",
                "ChildBag_Blue,1,-1,0,20,5",
                "ChildBag_Green,1,-1,0,25,6",
                "DryBag_Yellow,1,-1,0,30,8",
                "DryBag_Orange,1,-1,0,30,8",
                "DryBag_Red,1,-1,0,30,8",
                "DryBag_Blue,1,-1,0,30,8",
                "DryBag_Black,1,-1,0,35,8",
                "DryBag_Green,1,-1,0,40,10",
                "TaloonBag_Orange,1,-1,0,50,10",
                "TaloonBag_Violet,1,-1,0,50,10",
                "TaloonBag_Blue,1,-1,0,50,10",
                "TaloonBag_Green,1,-1,0,70,20",
                "SmershBag,1,-1,0,100,30",
                "WaterproofBag_Yellow,1,-1,0,100,30",
                "WaterproofBag_Orange,1,-1,0,100,30",
                "WaterproofBag_Green,1,-1,0,110,30",
                "AssaultBag_Black,1,-1,0,110,30",
                "AssaultBag_Green,1,-1,0,110,30",
                "AssaultBag_Ttsko,1,-1,0,130,30",
                "HuntingBag,1,-1,0,130,30",
                "TortillaBag,1,-1,0,180,60",
                "CoyoteBag_Brown,1,-1,0,180,60",
                "CoyoteBag_Green,1,-1,0,180,60",
                "MountainBag_Orange,1,-1,0,300,80",
                "MountainBag_Red,1,-1,0,300,80",
                "MountainBag_Blue,1,-1,0,300,80",
                "MountainBag_Green,1,-1,0,360,100",
                "AliceBag_Black,1,-1,0,400,150",
                "AliceBag_Green,1,-1,0,400,150",
                "AliceBag_Camo,1,-1,0,500,220"
            ]
        },
        {
            "CategoryName": "Vehicles",
            "Products": [
                "OffroadHatchback,1,-1,1,14000,8000",
                "OffroadHatchback_Blue,1,-1,1,14000,8000",
                "OffroadHatchback_White,1,-1,1,14000,8000",
                "Hatchback_02,1,-1,1,16000,9600",
                "Hatchback_02_Blue,1,-1,1,16000,9600",
                "Hatchback_02_Black,1,-1,1,16000,9600",
                "Sedan_02,1,-1,1,18000,10200",
                "Sedan_02_Red,1,-1,1,18000,10200",
                "Sedan_02_Grey,1,-1,1,18000,10200",
                "CivilianSedan,1,-1,1,20000,11000",
                "CivilianSedan_Wine,1,-1,1,20000,11000",
                "CivilianSedan_Black,1,-1,1,20000,11000",
                "Truck_01_Covered,1,-1,1,50000,30000",
                "Truck_01_Covered_Blue,1,-1,1,50000,30000",
                "Truck_01_Covered_Orange,1,-1,1,50000,30000"
            ]
        },
        {
            "CategoryName": "Vehicle Parts",
            "Products": [
                "HeadlightH7_Box,1,-1,0,30,15",
                "SparkPlug,1,-1,0,60,40",
                "EngineOil,1,-1,1000,70,40",
                "CarBattery,1,-1,50,100,50",
                "TruckBattery,1,-1,50,180,100",
                "CarRadiator,1,-1,0,200,100",
                "TireRepairKit,1,-1,100,220,100",
                "HatchbackHood,1,-1,0,300,100",
                "HatchbackHood_Blue,1,-1,0,300,100",
                "HatchbackHood_White,1,-1,0,300,100",
                "HatchbackHood_GreenRust,1,-1,0,300,100",
                "HatchbackHood_BlueRust,1,-1,0,300,100",
                "HatchbackHood_WhiteRust,1,-1,0,300,100",
                "HatchbackTrunk,1,-1,0,380,130",
                "HatchbackTrunk_Blue,1,-1,0,380,130",
                "HatchbackTrunk_White,1,-1,0,380,130",
                "HatchbackTrunk_GreenRust,1,-1,0,380,130",
                "HatchbackTrunk_BlueRust,1,-1,0,380,130",
                "HatchbackTrunk_WhiteRust,1,-1,0,380,130",
                "HatchbackDoors_Driver,1,-1,0,450,160",
                "HatchbackDoors_Driver_Blue,1,-1,0,450,160",
                "HatchbackDoors_Driver_White,1,-1,0,450,160",
                "HatchbackDoors_Driver_GreenRust,1,-1,0,450,160",
                "HatchbackDoors_Driver_BlueRust,1,-1,0,450,160",
                "HatchbackDoors_Driver_WhiteRust,1,-1,0,450,160",
                "HatchbackDoors_CoDriver,1,-1,0,450,160",
                "HatchbackDoors_CoDriver_Blue,1,-1,0,450,160",
                "HatchbackDoors_CoDriver_White,1,-1,0,450,160",
                "HatchbackDoors_CoDriver_GreenRust,1,-1,0,450,160",
                "HatchbackDoors_CoDriver_BlueRust,1,-1,0,450,160",
                "HatchbackDoors_CoDriver_WhiteRust,1,-1,0,450,160",
                "HatchbackWheel,1,-1,0,500,100",
                "Hatchback_02_Hood,1,-1,0,300,100",
                "Hatchback_02_Hood_Black,1,-1,0,300,100",
                "Hatchback_02_Hood_Blue,1,-1,0,300,100",
                "Hatchback_02_Hood_RedRust,1,-1,0,300,100",
                "Hatchback_02_Hood_BlackRust,1,-1,0,300,100",
                "Hatchback_02_Hood_BlueRust,1,-1,0,300,100",
                "Hatchback_02_Trunk,1,-1,0,380,130",
                "Hatchback_02_Trunk_Black,1,-1,0,380,130",
                "Hatchback_02_Trunk_Blue,1,-1,0,380,130",
                "Hatchback_02_Trunk_RedRust,1,-1,0,380,130",
                "Hatchback_02_Trunk_BlackRust,1,-1,0,380,130",
                "Hatchback_02_Trunk_BlueRust,1,-1,0,380,130",
                "Hatchback_02_Door_1_1,1,-1,0,450,160",
                "Hatchback_02_Door_1_1_Black,1,-1,0,450,160",
                "Hatchback_02_Door_1_1_Blue,1,-1,0,450,160",
                "Hatchback_02_Door_1_1_RedRust,1,-1,0,450,160",
                "Hatchback_02_Door_1_1_BlackRust,1,-1,0,450,160",
                "Hatchback_02_Door_1_1_BlueRust,1,-1,0,450,160",
                "Hatchback_02_Door_1_2,1,-1,0,450,160",
                "Hatchback_02_Door_1_2_Black,1,-1,0,450,160",
                "Hatchback_02_Door_1_2_Blue,1,-1,0,450,160",
                "Hatchback_02_Door_1_2_RedRust,1,-1,0,450,160",
                "Hatchback_02_Door_1_2_BlackRust,1,-1,0,450,160",
                "Hatchback_02_Door_1_2_BlueRust,1,-1,0,450,160",
                "Hatchback_02_Door_2_1,1,-1,0,450,160",
                "Hatchback_02_Door_2_1_Black,1,-1,0,450,160",
                "Hatchback_02_Door_2_1_Blue,1,-1,0,450,160",
                "Hatchback_02_Door_2_1_RedRust,1,-1,0,450,160",
                "Hatchback_02_Door_2_1_BlackRust,1,-1,0,450,160",
                "Hatchback_02_Door_2_1_BlueRust,1,-1,0,450,160",
                "Hatchback_02_Door_2_2,1,-1,0,450,160",
                "Hatchback_02_Door_2_2_Black,1,-1,0,450,160",
                "Hatchback_02_Door_2_2_Blue,1,-1,0,450,160",
                "Hatchback_02_Door_2_2_RedRust,1,-1,0,450,160",
                "Hatchback_02_Door_2_2_BlackRust,1,-1,0,450,160",
                "Hatchback_02_Door_2_2_BlueRust,1,-1,0,450,160",
                "Hatchback_02_Wheel,1,-1,0,500,100",
                "Sedan_02_Hood,1,-1,0,300,100",
                "Sedan_02_Hood_Red,1,-1,0,300,100",
                "Sedan_02_Hood_Grey,1,-1,0,300,100",
                "Sedan_02_Hood_YellowRust,1,-1,0,300,100",
                "Sedan_02_Hood_RedRust,1,-1,0,300,100",
                "Sedan_02_Hood_GreyRust,1,-1,0,300,100",
                "Sedan_02_Trunk,1,-1,0,450,150",
                "Sedan_02_Trunk_Red,1,-1,0,450,150",
                "Sedan_02_Trunk_Grey,1,-1,0,450,150",
                "Sedan_02_Trunk_YellowRust,1,-1,0,450,150",
                "Sedan_02_Trunk_RedRust,1,-1,0,450,150",
                "Sedan_02_Trunk_GreyRust,1,-1,0,450,150",
                "Sedan_02_Door_1_1,1,-1,0,450,160",
                "Sedan_02_Door_1_1_Red,1,-1,0,450,160",
                "Sedan_02_Door_1_1_Grey,1,-1,0,450,160",
                "Sedan_02_Door_1_1_YellowRust,1,-1,0,450,160",
                "Sedan_02_Door_1_1_RedRust,1,-1,0,450,160",
                "Sedan_02_Door_1_1_GreyRust,1,-1,0,450,160",
                "Sedan_02_Door_1_2,1,-1,0,450,160",
                "Sedan_02_Door_1_2_Red,1,-1,0,450,160",
                "Sedan_02_Door_1_2_Grey,1,-1,0,450,160",
                "Sedan_02_Door_1_2_YellowRust,1,-1,0,450,160",
                "Sedan_02_Door_1_2_RedRust,1,-1,0,450,160",
                "Sedan_02_Door_1_2_GreyRust,1,-1,0,450,160",
                "Sedan_02_Door_2_1,1,-1,0,450,160",
                "Sedan_02_Door_2_1_Red,1,-1,0,450,160",
                "Sedan_02_Door_2_1_Grey,1,-1,0,450,160",
                "Sedan_02_Door_2_1_YellowRust,1,-1,0,450,160",
                "Sedan_02_Door_2_1_RedRust,1,-1,0,450,160",
                "Sedan_02_Door_2_1_GreyRust,1,-1,0,450,160",
                "Sedan_02_Door_2_2,1,-1,0,450,160",
                "Sedan_02_Door_2_2_Red,1,-1,0,450,160",
                "Sedan_02_Door_2_2_Grey,1,-1,0,450,160",
                "Sedan_02_Door_2_2_YellowRust,1,-1,0,450,160",
                "Sedan_02_Door_2_2_RedRust,1,-1,0,450,160",
                "Sedan_02_Door_2_2_GreyRust,1,-1,0,450,160",
                "Sedan_02_Wheel,1,-1,0,500,100",
                "CivSedanHood,1,-1,0,400,140",
                "CivSedanHood_Wine,1,-1,0,400,140",
                "CivSedanHood_Black,1,-1,0,400,140",
                "CivSedanHood_WhiteRust,1,-1,0,400,140",
                "CivSedanHood_WineRust,1,-1,0,400,140",
                "CivSedanHood_BlackRust,1,-1,0,400,140",
                "CivSedanTrunk,1,-1,0,450,150",
                "CivSedanTrunk_Wine,1,-1,0,450,150",
                "CivSedanTrunk_Black,1,-1,0,450,150",
                "CivSedanTrunk_WhiteRust,1,-1,0,450,150",
                "CivSedanTrunk_WineRust,1,-1,0,450,150",
                "CivSedanTrunk_BlackRust,1,-1,0,450,150",
                "CivSedanDoors_Driver,1,-1,0,500,180",
                "CivSedanDoors_Driver_Wine,1,-1,0,500,180",
                "CivSedanDoors_Driver_Black,1,-1,0,500,180",
                "CivSedanDoors_Driver_WhiteRust,1,-1,0,500,180",
                "CivSedanDoors_Driver_WineRust,1,-1,0,500,180",
                "CivSedanDoors_Driver_BlackRust,1,-1,0,500,180",
                "CivSedanDoors_CoDriver,1,-1,0,500,180",
                "CivSedanDoors_CoDriver_Wine,1,-1,0,500,180",
                "CivSedanDoors_CoDriver_Black,1,-1,0,500,180",
                "CivSedanDoors_CoDriver_WhiteRust,1,-1,0,500,180",
                "CivSedanDoors_CoDriver_WineRust,1,-1,0,500,180",
                "CivSedanDoors_CoDriver_BlackRust,1,-1,0,500,180",
                "CivSedanDoors_BackLeft,1,-1,0,500,180",
                "CivSedanDoors_BackLeft_Wine,1,-1,0,500,180",
                "CivSedanDoors_BackLeft_Black,1,-1,0,500,180",
                "CivSedanDoors_BackLeft_WhiteRust,1,-1,0,500,180",
                "CivSedanDoors_BackLeft_WineRust,1,-1,0,500,180",
                "CivSedanDoors_BackLeft_BlackRust,1,-1,0,500,180",
                "CivSedanDoors_BackRight,1,-1,0,500,180",
                "CivSedanDoors_BackRight_Wine,1,-1,0,500,180",
                "CivSedanDoors_BackRight_Black,1,-1,0,500,180",
                "CivSedanDoors_BackRight_WhiteRust,1,-1,0,500,180",
                "CivSedanDoors_BackRight_WineRust,1,-1,0,500,180",
                "CivSedanDoors_BackRight_BlackRust,1,-1,0,500,180",
                "CivSedanWheel,1,-1,0,600,120",
                "Truck_01_Hood,1,-1,0,400,140",
                "Truck_01_Hood_Blue,1,-1,0,400,140",
                "Truck_01_Hood_Orange,1,-1,0,400,140",
                "Truck_01_Door_1_1,1,-1,0,500,180",
                "Truck_01_Door_1_1_Blue,1,-1,0,500,180",
                "Truck_01_Door_1_1_Orange,1,-1,0,500,180",
                "Truck_01_Door_2_1,1,-1,0,500,180",
                "Truck_01_Door_2_1_Blue,1,-1,0,500,180",
                "Truck_01_Door_2_1_Orange,1,-1,0,500,180",
                "Truck_01_Wheel,1,-1,0,600,120",
                "Truck_01_WheelDouble,1,-1,0,1000,200"
            ]
        }
    ]
}