<?xml version="1.0" encoding="UTF-8" standalone="yes"?>
<types>
    <type name="IWP_InstructionBook">   <!--  RUSSIEN INSTRUCTION BOOK AT BOTTOM WITH 20250208 UPDATE IWP_InstructionBook_Russian   -->
        <nominal>4</nominal>
        <lifetime>14400</lifetime>
        <restock>1800</restock>
        <min>1</min>
        <quantmin>-1</quantmin>
        <quantmax>-1</quantmax>
        <cost>100</cost>
        <flags count_in_cargo="0" count_in_hoarder="0" count_in_map="1" count_in_player="0" crafted="0" deloot="0" />
        <category name="weapons"/>
        <tag name="floor"/>
        <usage name="town"/>
        <usage name="hunting"/>
        <usage name="military"/>
        <usage name="village"/>
        <value name="tier1"/>
        <value name="tier2"/>
        <value name="tier3"/>
        <value name="tier4"/>
    </type>
    <type name="IWP_ScrapMetal">
        <nominal>0</nominal>
        <lifetime>14400</lifetime>
        <restock>1800</restock>
        <min>0</min>
        <quantmin>-1</quantmin>
        <quantmax>-1</quantmax>
        <cost>100</cost>
        <flags count_in_cargo="0" count_in_hoarder="0" count_in_map="1" count_in_player="0" crafted="0" deloot="0" />
    </type>
    <type name="IWP_ScrapSpikes">
        <nominal>0</nominal>
        <lifetime>14400</lifetime>
        <restock>1800</restock>
        <min>0</min>
        <quantmin>-1</quantmin>
        <quantmax>-1</quantmax>
        <cost>100</cost>
        <flags count_in_cargo="0" count_in_hoarder="0" count_in_map="1" count_in_player="0" crafted="0" deloot="0" />
    </type>
    <type name="IWP_Screws">
        <nominal>0</nominal>
        <lifetime>14400</lifetime>
        <restock>1800</restock>
        <min>0</min>
        <quantmin>-1</quantmin>
        <quantmax>-1</quantmax>
        <cost>100</cost>
        <flags count_in_cargo="0" count_in_hoarder="0" count_in_map="1" count_in_player="0" crafted="0" deloot="0" />
    </type>
    <type name="IWP_Spring">
        <nominal>0</nominal>
        <lifetime>14400</lifetime>
        <restock>1800</restock>
        <min>0</min>
        <quantmin>-1</quantmin>
        <quantmax>-1</quantmax>
        <cost>100</cost>
        <flags count_in_cargo="0" count_in_hoarder="0" count_in_map="1" count_in_player="0" crafted="0" deloot="0" />
    </type>
    <type name="IWP_Bat">
        <nominal>2</nominal>
        <lifetime>14400</lifetime>
        <restock>1800</restock>
        <min>0</min>
        <quantmin>-1</quantmin>
        <quantmax>-1</quantmax>
        <cost>100</cost>
        <flags count_in_cargo="0" count_in_hoarder="0" count_in_map="1" count_in_player="0" crafted="0" deloot="0" />
    </type>
    <type name="IWP_Bat_Spiked">
        <nominal>0</nominal>
        <lifetime>14400</lifetime>
        <restock>1800</restock>
        <min>0</min>
        <quantmin>-1</quantmin>
        <quantmax>-1</quantmax>
        <cost>100</cost>
        <flags count_in_cargo="0" count_in_hoarder="0" count_in_map="1" count_in_player="0" crafted="0" deloot="0" />
    </type>
    <type name="IWP_Bat_Barbed">
        <nominal>0</nominal>
        <lifetime>14400</lifetime>
        <restock>1800</restock>
        <min>0</min>
        <quantmin>-1</quantmin>
        <quantmax>-1</quantmax>
        <cost>100</cost>
        <flags count_in_cargo="0" count_in_hoarder="0" count_in_map="1" count_in_player="0" crafted="0" deloot="0" />
    </type>
    <type name="IWP_Pistol01">
        <nominal>0</nominal>
        <lifetime>14400</lifetime>
        <restock>1800</restock>
        <min>0</min>
        <quantmin>-1</quantmin>
        <quantmax>-1</quantmax>
        <cost>100</cost>
        <flags count_in_cargo="0" count_in_hoarder="0" count_in_map="1" count_in_player="0" crafted="0" deloot="0" />
    </type>
    <type name="IWP_Pistol01_Grip">
        <nominal>0</nominal>
        <lifetime>14400</lifetime>
        <restock>1800</restock>
        <min>0</min>
        <quantmin>-1</quantmin>
        <quantmax>-1</quantmax>
        <cost>100</cost>
        <flags count_in_cargo="0" count_in_hoarder="0" count_in_map="1" count_in_player="0" crafted="0" deloot="0" />
    </type>
    <type name="IWP_Pistol01_Barrel">
        <nominal>0</nominal>
        <lifetime>14400</lifetime>
        <restock>1800</restock>
        <min>0</min>
        <quantmin>-1</quantmin>
        <quantmax>-1</quantmax>
        <cost>100</cost>
        <flags count_in_cargo="0" count_in_hoarder="0" count_in_map="1" count_in_player="0" crafted="0" deloot="0" />
    </type>
    <type name="IWP_Pistol01_Trigger">
        <nominal>0</nominal>
        <lifetime>14400</lifetime>
        <restock>1800</restock>
        <min>0</min>
        <quantmin>-1</quantmin>
        <quantmax>-1</quantmax>
        <cost>100</cost>
        <flags count_in_cargo="0" count_in_hoarder="0" count_in_map="1" count_in_player="0" crafted="0" deloot="0" />
    </type>
    <type name="IWP_Pistol01_Body">
        <nominal>0</nominal>
        <lifetime>14400</lifetime>
        <restock>1800</restock>
        <min>0</min>
        <quantmin>-1</quantmin>
        <quantmax>-1</quantmax>
        <cost>100</cost>
        <flags count_in_cargo="0" count_in_hoarder="0" count_in_map="1" count_in_player="0" crafted="0" deloot="0" />
    </type>
    <type name="IWP_Shotgun01">
        <nominal>0</nominal>
        <lifetime>14400</lifetime>
        <restock>1800</restock>
        <min>0</min>
        <quantmin>-1</quantmin>
        <quantmax>-1</quantmax>
        <cost>100</cost>
        <flags count_in_cargo="0" count_in_hoarder="0" count_in_map="1" count_in_player="0" crafted="0" deloot="0" />
    </type>
    <type name="IWP_Shotgun01_Grip">
        <nominal>0</nominal>
        <lifetime>14400</lifetime>
        <restock>1800</restock>
        <min>0</min>
        <quantmin>-1</quantmin>
        <quantmax>-1</quantmax>
        <cost>100</cost>
        <flags count_in_cargo="0" count_in_hoarder="0" count_in_map="1" count_in_player="0" crafted="0" deloot="0" />
    </type>
    <type name="IWP_Shotgun01_Barrel">
        <nominal>0</nominal>
        <lifetime>14400</lifetime>
        <restock>1800</restock>
        <min>0</min>
        <quantmin>-1</quantmin>
        <quantmax>-1</quantmax>
        <cost>100</cost>
        <flags count_in_cargo="0" count_in_hoarder="0" count_in_map="1" count_in_player="0" crafted="0" deloot="0" />
    </type>
    <type name="IWP_Shotgun01_Barrel_2">
        <nominal>0</nominal>
        <lifetime>14400</lifetime>
        <restock>1800</restock>
        <min>0</min>
        <quantmin>-1</quantmin>
        <quantmax>-1</quantmax>
        <cost>100</cost>
        <flags count_in_cargo="0" count_in_hoarder="0" count_in_map="1" count_in_player="0" crafted="0" deloot="0" />
    </type>
    <type name="IWP_Shotgun01_BarrelShroud">
        <nominal>0</nominal>
        <lifetime>14400</lifetime>
        <restock>1800</restock>
        <min>0</min>
        <quantmin>-1</quantmin>
        <quantmax>-1</quantmax>
        <cost>100</cost>
        <flags count_in_cargo="0" count_in_hoarder="0" count_in_map="1" count_in_player="0" crafted="0" deloot="0" />
    </type>
    <type name="IWP_Shotgun01_Frame_1">
        <nominal>0</nominal>
        <lifetime>14400</lifetime>
        <restock>1800</restock>
        <min>0</min>
        <quantmin>-1</quantmin>
        <quantmax>-1</quantmax>
        <cost>100</cost>
        <flags count_in_cargo="0" count_in_hoarder="0" count_in_map="1" count_in_player="0" crafted="0" deloot="0" />
    </type>
    <type name="IWP_Shotgun01_Frame_2">
        <nominal>0</nominal>
        <lifetime>14400</lifetime>
        <restock>1800</restock>
        <min>0</min>
        <quantmin>-1</quantmin>
        <quantmax>-1</quantmax>
        <cost>100</cost>
        <flags count_in_cargo="0" count_in_hoarder="0" count_in_map="1" count_in_player="0" crafted="0" deloot="0" />
    </type>
    <type name="IWP_Shotgun01_Triggers">
        <nominal>0</nominal>
        <lifetime>14400</lifetime>
        <restock>1800</restock>
        <min>0</min>
        <quantmin>-1</quantmin>
        <quantmax>-1</quantmax>
        <cost>100</cost>
        <flags count_in_cargo="0" count_in_hoarder="0" count_in_map="1" count_in_player="0" crafted="0" deloot="0" />
    </type>
    <type name="IWP_SMG01">
        <nominal>0</nominal>
        <lifetime>14400</lifetime>
        <restock>1800</restock>
        <min>0</min>
        <quantmin>-1</quantmin>
        <quantmax>-1</quantmax>
        <cost>100</cost>
        <flags count_in_cargo="0" count_in_hoarder="0" count_in_map="1" count_in_player="0" crafted="0" deloot="0" />
    </type>
    <type name="IWP_SMG01_Mag">
        <nominal>0</nominal>
        <lifetime>14400</lifetime>
        <restock>1800</restock>
        <min>0</min>
        <quantmin>-1</quantmin>
        <quantmax>-1</quantmax>
        <cost>100</cost>
        <flags count_in_cargo="0" count_in_hoarder="0" count_in_map="1" count_in_player="0" crafted="0" deloot="0" />
    </type>
    <type name="IWP_SMG01_Grip">
        <nominal>0</nominal>
        <lifetime>14400</lifetime>
        <restock>1800</restock>
        <min>0</min>
        <quantmin>-1</quantmin>
        <quantmax>-1</quantmax>
        <cost>100</cost>
        <flags count_in_cargo="0" count_in_hoarder="0" count_in_map="1" count_in_player="0" crafted="0" deloot="0" />
    </type>
    <type name="IWP_SMG01_Barrel">
        <nominal>0</nominal>
        <lifetime>14400</lifetime>
        <restock>1800</restock>
        <min>0</min>
        <quantmin>-1</quantmin>
        <quantmax>-1</quantmax>
        <cost>100</cost>
        <flags count_in_cargo="0" count_in_hoarder="0" count_in_map="1" count_in_player="0" crafted="0" deloot="0" />
    </type>
    <type name="IWP_SMG01_Barrel_2">
        <nominal>0</nominal>
        <lifetime>14400</lifetime>
        <restock>1800</restock>
        <min>0</min>
        <quantmin>-1</quantmin>
        <quantmax>-1</quantmax>
        <cost>100</cost>
        <flags count_in_cargo="0" count_in_hoarder="0" count_in_map="1" count_in_player="0" crafted="0" deloot="0" />
    </type>
    <type name="IWP_SMG01_Bolt">
        <nominal>0</nominal>
        <lifetime>14400</lifetime>
        <restock>1800</restock>
        <min>0</min>
        <quantmin>-1</quantmin>
        <quantmax>-1</quantmax>
        <cost>100</cost>
        <flags count_in_cargo="0" count_in_hoarder="0" count_in_map="1" count_in_player="0" crafted="0" deloot="0" />
    </type>
    <type name="IWP_SMG01_Frame_1">
        <nominal>0</nominal>
        <lifetime>14400</lifetime>
        <restock>1800</restock>
        <min>0</min>
        <quantmin>-1</quantmin>
        <quantmax>-1</quantmax>
        <cost>100</cost>
        <flags count_in_cargo="0" count_in_hoarder="0" count_in_map="1" count_in_player="0" crafted="0" deloot="0" />
    </type>
    <type name="IWP_SMG01_Frame_2">
        <nominal>0</nominal>
        <lifetime>14400</lifetime>
        <restock>1800</restock>
        <min>0</min>
        <quantmin>-1</quantmin>
        <quantmax>-1</quantmax>
        <cost>100</cost>
        <flags count_in_cargo="0" count_in_hoarder="0" count_in_map="1" count_in_player="0" crafted="0" deloot="0" />
    </type>
<!-- 20231203 UPDATE BELOW			20231203 UPDATE BELOW			20231203 UPDATE BELOW			20231203 UPDATE BELOW			20231203 UPDATE BELOW			20231203 UPDATE BELOW	-->
<!-- 20231203 UPDATE BELOW			20231203 UPDATE BELOW			20231203 UPDATE BELOW			20231203 UPDATE BELOW			20231203 UPDATE BELOW			20231203 UPDATE BELOW	-->
<!-- 20231203 UPDATE BELOW			20231203 UPDATE BELOW			20231203 UPDATE BELOW			20231203 UPDATE BELOW			20231203 UPDATE BELOW			20231203 UPDATE BELOW	-->
	<type name="IWP_Pistol_Shotgun">
        <nominal>0</nominal>
        <lifetime>14400</lifetime>
        <restock>1800</restock>
        <min>0</min>
        <quantmin>-1</quantmin>
        <quantmax>-1</quantmax>
        <cost>100</cost>
        <flags count_in_cargo="0" count_in_hoarder="0" count_in_map="1" count_in_player="0" crafted="0" deloot="0" />
    </type>
    <type name="IWP_Pistol_Shotgun_Barrel">
        <nominal>0</nominal>
        <lifetime>14400</lifetime>
        <restock>1800</restock>
        <min>0</min>
        <quantmin>-1</quantmin>
        <quantmax>-1</quantmax>
        <cost>100</cost>
        <flags count_in_cargo="0" count_in_hoarder="0" count_in_map="1" count_in_player="0" crafted="0" deloot="0" />
    </type>
    <type name="IWP_Pistol_Shotgun_Trigger">
        <nominal>0</nominal>
        <lifetime>14400</lifetime>
        <restock>1800</restock>
        <min>0</min>
        <quantmin>-1</quantmin>
        <quantmax>-1</quantmax>
        <cost>100</cost>
        <flags count_in_cargo="0" count_in_hoarder="0" count_in_map="1" count_in_player="0" crafted="0" deloot="0" />
    </type>
    <type name="IWP_Pistol_Shotgun_Frame">
        <nominal>0</nominal>
        <lifetime>14400</lifetime>
        <restock>1800</restock>
        <min>0</min>
        <quantmin>-1</quantmin>
        <quantmax>-1</quantmax>
        <cost>100</cost>
        <flags count_in_cargo="0" count_in_hoarder="0" count_in_map="1" count_in_player="0" crafted="0" deloot="0" />
    </type>
    <type name="IWP_Pistol_Shotgun_FrameAssembly">
        <nominal>0</nominal>
        <lifetime>14400</lifetime>
        <restock>1800</restock>
        <min>0</min>
        <quantmin>-1</quantmin>
        <quantmax>-1</quantmax>
        <cost>100</cost>
        <flags count_in_cargo="0" count_in_hoarder="0" count_in_map="1" count_in_player="0" crafted="0" deloot="0" />
    </type>
    <type name="IWP_Pistol_Shotgun_Body">
        <nominal>0</nominal>
        <lifetime>14400</lifetime>
        <restock>1800</restock>
        <min>0</min>
        <quantmin>-1</quantmin>
        <quantmax>-1</quantmax>
        <cost>100</cost>
        <flags count_in_cargo="0" count_in_hoarder="0" count_in_map="1" count_in_player="0" crafted="0" deloot="0" />
    </type>
    <type name="IWP_BoltActionRifle_Short">
        <nominal>0</nominal>
        <lifetime>14400</lifetime>
        <restock>1800</restock>
        <min>0</min>
        <quantmin>-1</quantmin>
        <quantmax>-1</quantmax>
        <cost>100</cost>
        <flags count_in_cargo="0" count_in_hoarder="0" count_in_map="1" count_in_player="0" crafted="0" deloot="0" />
    </type>
    <type name="IWP_BoltActionRifle">
        <nominal>0</nominal>
        <lifetime>14400</lifetime>
        <restock>1800</restock>
        <min>0</min>
        <quantmin>-1</quantmin>
        <quantmax>-1</quantmax>
        <cost>100</cost>
        <flags count_in_cargo="0" count_in_hoarder="0" count_in_map="1" count_in_player="0" crafted="0" deloot="0" />
    </type>
    <type name="IWP_BoltActionRifle01_Grip">
        <nominal>0</nominal>
        <lifetime>14400</lifetime>
        <restock>1800</restock>
        <min>0</min>
        <quantmin>-1</quantmin>
        <quantmax>-1</quantmax>
        <cost>100</cost>
        <flags count_in_cargo="0" count_in_hoarder="0" count_in_map="1" count_in_player="0" crafted="0" deloot="0" />
    </type>
    <type name="IWP_BoltActionRifle01_Barrel">
        <nominal>0</nominal>
        <lifetime>14400</lifetime>
        <restock>1800</restock>
        <min>0</min>
        <quantmin>-1</quantmin>
        <quantmax>-1</quantmax>
        <cost>100</cost>
        <flags count_in_cargo="0" count_in_hoarder="0" count_in_map="1" count_in_player="0" crafted="0" deloot="0" />
    </type>
    <type name="IWP_BoltActionRifle01_Chamber">
        <nominal>0</nominal>
        <lifetime>14400</lifetime>
        <restock>1800</restock>
        <min>0</min>
        <quantmin>-1</quantmin>
        <quantmax>-1</quantmax>
        <cost>100</cost>
        <flags count_in_cargo="0" count_in_hoarder="0" count_in_map="1" count_in_player="0" crafted="0" deloot="0" />
    </type>
    <type name="IWP_BoltActionRifle01_ChamberTrigger">
        <nominal>0</nominal>
        <lifetime>14400</lifetime>
        <restock>1800</restock>
        <min>0</min>
        <quantmin>-1</quantmin>
        <quantmax>-1</quantmax>
        <cost>100</cost>
        <flags count_in_cargo="0" count_in_hoarder="0" count_in_map="1" count_in_player="0" crafted="0" deloot="0" />
    </type>
    <type name="IWP_BoltActionRifle01_ChamberBolt">
        <nominal>0</nominal>
        <lifetime>14400</lifetime>
        <restock>1800</restock>
        <min>0</min>
        <quantmin>-1</quantmin>
        <quantmax>-1</quantmax>
        <cost>100</cost>
        <flags count_in_cargo="0" count_in_hoarder="0" count_in_map="1" count_in_player="0" crafted="0" deloot="0" />
    </type>
    <type name="IWP_BoltActionRifle01_TriggerAssembly">
        <nominal>0</nominal>
        <lifetime>14400</lifetime>
        <restock>1800</restock>
        <min>0</min>
        <quantmin>-1</quantmin>
        <quantmax>-1</quantmax>
        <cost>100</cost>
        <flags count_in_cargo="0" count_in_hoarder="0" count_in_map="1" count_in_player="0" crafted="0" deloot="0" />
    </type>
    <type name="IWP_BoltActionRifle01_Bolt">
        <nominal>0</nominal>
        <lifetime>14400</lifetime>
        <restock>1800</restock>
        <min>0</min>
        <quantmin>-1</quantmin>
        <quantmax>-1</quantmax>
        <cost>100</cost>
        <flags count_in_cargo="0" count_in_hoarder="0" count_in_map="1" count_in_player="0" crafted="0" deloot="0" />
    </type>
    <type name="IWP_BoltActionRifle01_ChamberComplete">
        <nominal>0</nominal>
        <lifetime>14400</lifetime>
        <restock>1800</restock>
        <min>0</min>
        <quantmin>-1</quantmin>
        <quantmax>-1</quantmax>
        <cost>100</cost>
        <flags count_in_cargo="0" count_in_hoarder="0" count_in_map="1" count_in_player="0" crafted="0" deloot="0" />
    </type>
    <type name="IWP_BoltActionRifle01_Body">
        <nominal>0</nominal>
        <lifetime>14400</lifetime>
        <restock>1800</restock>
        <min>0</min>
        <quantmin>-1</quantmin>
        <quantmax>-1</quantmax>
        <cost>100</cost>
        <flags count_in_cargo="0" count_in_hoarder="0" count_in_map="1" count_in_player="0" crafted="0" deloot="0" />
    </type>
    <type name="IWP_BoltActionRifle01_Stock">
        <nominal>0</nominal>
        <lifetime>14400</lifetime>
        <restock>1800</restock>
        <min>0</min>
        <quantmin>-1</quantmin>
        <quantmax>-1</quantmax>
        <cost>100</cost>
        <flags count_in_cargo="0" count_in_hoarder="0" count_in_map="1" count_in_player="0" crafted="0" deloot="0" />
    </type>
	<type name="IWP_Gunpowder">
        <nominal>1</nominal>
        <lifetime>14400</lifetime>
        <restock>1800</restock>
        <min>0</min>
        <quantmin>-1</quantmin>
        <quantmax>-1</quantmax>
        <cost>100</cost>
        <flags count_in_cargo="0" count_in_hoarder="0" count_in_map="1" count_in_player="0" crafted="0" deloot="0" />
    </type>
    <type name="IWP_GunpowderShrapnel">
        <nominal>0</nominal>
        <lifetime>14400</lifetime>
        <restock>1800</restock>
        <min>0</min>
        <quantmin>-1</quantmin>
        <quantmax>-1</quantmax>
        <cost>100</cost>
        <flags count_in_cargo="0" count_in_hoarder="0" count_in_map="1" count_in_player="0" crafted="0" deloot="0" />
    </type>
    <type name="IWP_GrenadeFuse">
        <nominal>0</nominal>
        <lifetime>14400</lifetime>
        <restock>1800</restock>
        <min>0</min>
        <quantmin>-1</quantmin>
        <quantmax>-1</quantmax>
        <cost>100</cost>
        <flags count_in_cargo="0" count_in_hoarder="0" count_in_map="1" count_in_player="0" crafted="0" deloot="0" />
    </type>
    <type name="IWP_EmptyCan_Fronta">
        <nominal>0</nominal>
        <lifetime>14400</lifetime>
        <restock>1800</restock>
        <min>0</min>
        <quantmin>-1</quantmin>
        <quantmax>-1</quantmax>
        <cost>100</cost>
        <flags count_in_cargo="0" count_in_hoarder="0" count_in_map="1" count_in_player="0" crafted="0" deloot="0" />
    </type>
    <type name="IWP_EmptyCan_Kvass">
        <nominal>0</nominal>
        <lifetime>14400</lifetime>
        <restock>1800</restock>
        <min>0</min>
        <quantmin>-1</quantmin>
        <quantmax>-1</quantmax>
        <cost>100</cost>
        <flags count_in_cargo="0" count_in_hoarder="0" count_in_map="1" count_in_player="0" crafted="0" deloot="0" />
    </type>
    <type name="IWP_EmptyCan_Pipsi">
        <nominal>0</nominal>
        <lifetime>14400</lifetime>
        <restock>1800</restock>
        <min>0</min>
        <quantmin>-1</quantmin>
        <quantmax>-1</quantmax>
        <cost>100</cost>
        <flags count_in_cargo="0" count_in_hoarder="0" count_in_map="1" count_in_player="0" crafted="0" deloot="0" />
    </type>
    <type name="IWP_EmptyCan_Spite">
        <nominal>0</nominal>
        <lifetime>14400</lifetime>
        <restock>1800</restock>
        <min>0</min>
        <quantmin>-1</quantmin>
        <quantmax>-1</quantmax>
        <cost>100</cost>
        <flags count_in_cargo="0" count_in_hoarder="0" count_in_map="1" count_in_player="0" crafted="0" deloot="0" />
    </type>
    <type name="IWP_EmptyCan_Cola">
        <nominal>0</nominal>
        <lifetime>14400</lifetime>
        <restock>1800</restock>
        <min>0</min>
        <quantmin>-1</quantmin>
        <quantmax>-1</quantmax>
        <cost>100</cost>
        <flags count_in_cargo="0" count_in_hoarder="0" count_in_map="1" count_in_player="0" crafted="0" deloot="0" />
    </type>
    <type name="IWP_PreppedCan_Fronta">
        <nominal>0</nominal>
        <lifetime>14400</lifetime>
        <restock>1800</restock>
        <min>0</min>
        <quantmin>-1</quantmin>
        <quantmax>-1</quantmax>
        <cost>100</cost>
        <flags count_in_cargo="0" count_in_hoarder="0" count_in_map="1" count_in_player="0" crafted="0" deloot="0" />
    </type>
    <type name="IWP_PreppedCan_Kvass">
        <nominal>0</nominal>
        <lifetime>14400</lifetime>
        <restock>1800</restock>
        <min>0</min>
        <quantmin>-1</quantmin>
        <quantmax>-1</quantmax>
        <cost>100</cost>
        <flags count_in_cargo="0" count_in_hoarder="0" count_in_map="1" count_in_player="0" crafted="0" deloot="0" />
    </type>
    <type name="IWP_PreppedCan_Pipsi">
        <nominal>0</nominal>
        <lifetime>14400</lifetime>
        <restock>1800</restock>
        <min>0</min>
        <quantmin>-1</quantmin>
        <quantmax>-1</quantmax>
        <cost>100</cost>
        <flags count_in_cargo="0" count_in_hoarder="0" count_in_map="1" count_in_player="0" crafted="0" deloot="0" />
    </type>
    <type name="IWP_PreppedCan_Spite">
        <nominal>0</nominal>
        <lifetime>14400</lifetime>
        <restock>1800</restock>
        <min>0</min>
        <quantmin>-1</quantmin>
        <quantmax>-1</quantmax>
        <cost>100</cost>
        <flags count_in_cargo="0" count_in_hoarder="0" count_in_map="1" count_in_player="0" crafted="0" deloot="0" />
    </type>
    <type name="IWP_PreppedCan_Cola">
        <nominal>0</nominal>
        <lifetime>14400</lifetime>
        <restock>1800</restock>
        <min>0</min>
        <quantmin>-1</quantmin>
        <quantmax>-1</quantmax>
        <cost>100</cost>
        <flags count_in_cargo="0" count_in_hoarder="0" count_in_map="1" count_in_player="0" crafted="0" deloot="0" />
    </type>
    <type name="IWP_Can_Grenade_Fronta">
        <nominal>0</nominal>
        <lifetime>14400</lifetime>
        <restock>1800</restock>
        <min>0</min>
        <quantmin>-1</quantmin>
        <quantmax>-1</quantmax>
        <cost>100</cost>
        <flags count_in_cargo="0" count_in_hoarder="0" count_in_map="1" count_in_player="0" crafted="0" deloot="0" />
    </type>
    <type name="IWP_Can_Grenade_Pipsi">
        <nominal>0</nominal>
        <lifetime>14400</lifetime>
        <restock>1800</restock>
        <min>0</min>
        <quantmin>-1</quantmin>
        <quantmax>-1</quantmax>
        <cost>100</cost>
        <flags count_in_cargo="0" count_in_hoarder="0" count_in_map="1" count_in_player="0" crafted="0" deloot="0" />
    </type>
    <type name="IWP_Can_Grenade_Kvass">
        <nominal>0</nominal>
        <lifetime>14400</lifetime>
        <restock>1800</restock>
        <min>0</min>
        <quantmin>-1</quantmin>
        <quantmax>-1</quantmax>
        <cost>100</cost>
        <flags count_in_cargo="0" count_in_hoarder="0" count_in_map="1" count_in_player="0" crafted="0" deloot="0" />
    </type>
    <type name="IWP_Can_Grenade_Spite">
        <nominal>0</nominal>
        <lifetime>14400</lifetime>
        <restock>1800</restock>
        <min>0</min>
        <quantmin>-1</quantmin>
        <quantmax>-1</quantmax>
        <cost>100</cost>
        <flags count_in_cargo="0" count_in_hoarder="0" count_in_map="1" count_in_player="0" crafted="0" deloot="0" />
    </type>
    <type name="IWP_Can_Grenade_Cola">
        <nominal>0</nominal>
        <lifetime>14400</lifetime>
        <restock>1800</restock>
        <min>0</min>
        <quantmin>-1</quantmin>
        <quantmax>-1</quantmax>
        <cost>100</cost>
        <flags count_in_cargo="0" count_in_hoarder="0" count_in_map="1" count_in_player="0" crafted="0" deloot="0" />
    </type>
<!--                                20250208 UPDATE                                -->
    <type name="IWP_ImprovisedRifleOptic">
        <nominal>0</nominal>
        <lifetime>14400</lifetime>
        <restock>1800</restock>
        <min>0</min>
        <quantmin>-1</quantmin>
        <quantmax>-1</quantmax>
        <cost>100</cost>
        <flags count_in_cargo="0" count_in_hoarder="0" count_in_map="1" count_in_player="0" crafted="0" deloot="0" />
    </type>
    <type name="IWP_ImprovisedRifleOptic_Crosshair">
        <nominal>0</nominal>
        <lifetime>14400</lifetime>
        <restock>1800</restock>
        <min>0</min>
        <quantmin>-1</quantmin>
        <quantmax>-1</quantmax>
        <cost>100</cost>
        <flags count_in_cargo="0" count_in_hoarder="0" count_in_map="1" count_in_player="0" crafted="0" deloot="0" />
    </type>
    <type name="IWP_InstructionBook_Russian">
        <nominal>0</nominal>
        <lifetime>14400</lifetime>
        <restock>1800</restock>
        <min>1</min>
        <quantmin>-1</quantmin>
        <quantmax>-1</quantmax>
        <cost>100</cost>
        <flags count_in_cargo="0" count_in_hoarder="0" count_in_map="1" count_in_player="0" crafted="0" deloot="0" />
        <category name="weapons"/>
        <tag name="floor"/>
        <usage name="town"/>
        <usage name="hunting"/>
        <usage name="military"/>
        <usage name="village"/>
        <value name="tier1"/>
        <value name="tier2"/>
        <value name="tier3"/>
        <value name="tier4"/>
    </type>
</types>