{
    "Enabled": 1,
    "minPlayersToSpawnAircraft": 1,
    "maxActiveAircraft": 5,
    "startDelayTime": 120,
    "timeBetweenPlaneSpawns": 300,
    "allowNightFlights": 1,
    "staticPlaneSpawnPosition": "",
    "overflyRandomPlayer": 1,
    "minPlayersForOverfly": 3,
    "safeZonePositions": "",
    "noOverflyOnTerritory": 1,
    "aircraftFlightSpeed": 5.0,
    "aircraftEngineNoiseSFX": 1,
    "maxAmountAI": 5,
    "minAmountAI": 2,
    "aiLoadout": "EastLoadout",
    "faction": "East",
    "typeOfAI": 0,
    "aiActivity": 2,
    "canBeLooted": 1,
    "unlimitedReload": 1,
    "maxMoveSpeed": 3.0,
    "minMoveSpeed": 2.0,
    "noiseInvestigationRange": 900.0,
    "maxAccuracy": 0.8999999761581421,
    "minAccuracy": 0.6000000238418579,
    "threatDetectionRange": 700.0,
    "aiDespawnDistance": 1000.0,
    "warnMessageEnabled": 1,
    "warnMessageTitle": "WARNING - Incoming Aircraft",
    "warnMessageBody": "Take cover and hide! If they spot you paratroops will attack!",
    "warnMessageIcon": "Helicopter",
    "spottedMessageEnabled": 1,
    "spottedMessageTitle": "OH SHIT - You were spotted",
    "spottedMessageBody": "Paratroopers are heading to your location",
    "spottedMessageIcon": "Exclamationmark"
}