{
    "item": "OffroadHatchback",
    "quantity": 0,
    "quick_slots_index": 0,
    "slot": -1,
    "magAmmoCount": 0,
    "liquidType": 0,
    "foodstage": 0,
    "extraData": 0,
    "temp": 0.0,
    "wetness": 0.0,
    "health": 0.0,
    "energy": 0.0,
    "locType": 1,
    "locIdx": -1,
    "locRow": -1,
    "locCol": -1,
    "locFlip": 0,
    "childrens": [
        {
            "item": "BandageDressing",
            "quantity": 2,
            "quick_slots_index": 0,
            "slot": -1,
            "magAmmoCount": 0,
            "liquidType": 0,
            "foodstage": 0,
            "extraData": 0,
            "temp": 0.0,
            "wetness": 0.24899999797344209,
            "health": 50.0,
            "energy": 0.0,
            "locType": 3,
            "locIdx": 0,
            "locRow": 1,
            "locCol": 7,
            "locFlip": 0,
            "childrens": []
        },
        {
            "item": "ZucchiniSeedsPack",
            "quantity": 0,
            "quick_slots_index": 0,
            "slot": -1,
            "magAmmoCount": 0,
            "liquidType": 0,
            "foodstage": 0,
            "extraData": 0,
            "temp": 0.0,
            "wetness": 0.24899999797344209,
            "health": 5.0,
            "energy": 0.0,
            "locType": 3,
            "locIdx": 0,
            "locRow": 1,
            "locCol": 5,
            "locFlip": 0,
            "childrens": []
        },
        {
            "item": "Pear",
            "quantity": 150,
            "quick_slots_index": 0,
            "slot": -1,
            "magAmmoCount": 0,
            "liquidType": 0,
            "foodstage": 1,
            "extraData": 0,
            "temp": 0.0,
            "wetness": 0.24899999797344209,
            "health": 5.752956390380859,
            "energy": 0.0,
            "locType": 3,
            "locIdx": 0,
            "locRow": 1,
            "locCol": 2,
            "locFlip": 0,
            "childrens": []
        },
        {
            "item": "Chemlight_Red",
            "quantity": 100,
            "quick_slots_index": 0,
            "slot": -1,
            "magAmmoCount": 0,
            "liquidType": 0,
            "foodstage": 0,
            "extraData": 0,
            "temp": 0.0,
            "wetness": 0.24899999797344209,
            "health": 11.025863647460938,
            "energy": 10800.0,
            "locType": 3,
            "locIdx": 0,
            "locRow": 3,
            "locCol": 3,
            "locFlip": 0,
            "childrens": []
        },
        {
            "item": "TraderPlus_Money_Ruble50",
            "quantity": 1,
            "quick_slots_index": 0,
            "slot": -1,
            "magAmmoCount": 0,
            "liquidType": 0,
            "foodstage": 0,
            "extraData": 0,
            "temp": 0.0,
            "wetness": 0.05827588215470314,
            "health": 100.0,
            "energy": 0.0,
            "locType": 3,
            "locIdx": 0,
            "locRow": 0,
            "locCol": 3,
            "locFlip": 0,
            "childrens": []
        },
        {
            "item": "SparkPlug",
            "quantity": 0,
            "quick_slots_index": 0,
            "slot": -626843635,
            "magAmmoCount": 0,
            "liquidType": 0,
            "foodstage": 0,
            "extraData": 0,
            "temp": 0.0,
            "wetness": 0.04899999871850014,
            "health": 20.0,
            "energy": 0.0,
            "locType": 2,
            "locIdx": -1,
            "locRow": -1,
            "locCol": -1,
            "locFlip": 0,
            "childrens": []
        },
        {
            "item": "CarBattery",
            "quantity": 47,
            "quick_slots_index": 0,
            "slot": 1000100489,
            "magAmmoCount": 0,
            "liquidType": 0,
            "foodstage": 0,
            "extraData": 0,
            "temp": 0.0,
            "wetness": 0.04899999871850014,
            "health": 200.0,
            "energy": 470.0,
            "locType": 2,
            "locIdx": -1,
            "locRow": -1,
            "locCol": -1,
            "locFlip": 0,
            "childrens": []
        },
        {
            "item": "CarRadiator",
            "quantity": 0,
            "quick_slots_index": 0,
            "slot": 5271856,
            "magAmmoCount": 0,
            "liquidType": 0,
            "foodstage": 0,
            "extraData": 0,
            "temp": 0.0,
            "wetness": 0.04899999871850014,
            "health": 250.0,
            "energy": 0.0,
            "locType": 2,
            "locIdx": -1,
            "locRow": -1,
            "locCol": -1,
            "locFlip": 0,
            "childrens": []
        },
        {
            "item": "HeadlightH7",
            "quantity": 0,
            "quick_slots_index": 0,
            "slot": 673890682,
            "magAmmoCount": 0,
            "liquidType": 0,
            "foodstage": 0,
            "extraData": 0,
            "temp": 0.0,
            "wetness": 0.04899999871850014,
            "health": 10.0,
            "energy": 0.0,
            "locType": 2,
            "locIdx": -1,
            "locRow": -1,
            "locCol": -1,
            "locFlip": 0,
            "childrens": []
        },
        {
            "item": "HeadlightH7",
            "quantity": 0,
            "quick_slots_index": 0,
            "slot": 673892051,
            "magAmmoCount": 0,
            "liquidType": 0,
            "foodstage": 0,
            "extraData": 0,
            "temp": 0.0,
            "wetness": 0.04899999871850014,
            "health": 10.0,
            "energy": 0.0,
            "locType": 2,
            "locIdx": -1,
            "locRow": -1,
            "locCol": -1,
            "locFlip": 0,
            "childrens": []
        },
        {
            "item": "HatchbackDoors_CoDriver",
            "quantity": 0,
            "quick_slots_index": 0,
            "slot": -928807093,
            "magAmmoCount": 0,
            "liquidType": 0,
            "foodstage": 0,
            "extraData": 0,
            "temp": 0.0,
            "wetness": 0.04899999871850014,
            "health": 500.0,
            "energy": 0.0,
            "locType": 2,
            "locIdx": -1,
            "locRow": -1,
            "locCol": -1,
            "locFlip": 0,
            "childrens": []
        },
        {
            "item": "HatchbackDoors_Driver",
            "quantity": 0,
            "quick_slots_index": 0,
            "slot": 673280309,
            "magAmmoCount": 0,
            "liquidType": 0,
            "foodstage": 0,
            "extraData": 0,
            "temp": 0.0,
            "wetness": 0.04899999871850014,
            "health": 500.0,
            "energy": 0.0,
            "locType": 2,
            "locIdx": -1,
            "locRow": -1,
            "locCol": -1,
            "locFlip": 0,
            "childrens": []
        },
        {
            "item": "HatchbackHood",
            "quantity": 0,
            "quick_slots_index": 0,
            "slot": 39191380,
            "magAmmoCount": 0,
            "liquidType": 0,
            "foodstage": 0,
            "extraData": 0,
            "temp": 0.0,
            "wetness": 0.04899999871850014,
            "health": 500.0,
            "energy": 0.0,
            "locType": 2,
            "locIdx": -1,
            "locRow": -1,
            "locCol": -1,
            "locFlip": 0,
            "childrens": []
        },
        {
            "item": "HatchbackTrunk",
            "quantity": 0,
            "quick_slots_index": 0,
            "slot": 1472731642,
            "magAmmoCount": 0,
            "liquidType": 0,
            "foodstage": 0,
            "extraData": 0,
            "temp": 0.0,
            "wetness": 0.04899999871850014,
            "health": 500.0,
            "energy": 0.0,
            "locType": 2,
            "locIdx": -1,
            "locRow": -1,
            "locCol": -1,
            "locFlip": 0,
            "childrens": []
        },
        {
            "item": "HatchbackWheel",
            "quantity": 0,
            "quick_slots_index": 0,
            "slot": -17738153,
            "magAmmoCount": 0,
            "liquidType": 0,
            "foodstage": 0,
            "extraData": 0,
            "temp": 0.0,
            "wetness": 0.04899999871850014,
            "health": 200.0,
            "energy": 0.0,
            "locType": 2,
            "locIdx": -1,
            "locRow": -1,
            "locCol": -1,
            "locFlip": 0,
            "childrens": []
        },
        {
            "item": "HatchbackWheel",
            "quantity": 0,
            "quick_slots_index": 0,
            "slot": -17738152,
            "magAmmoCount": 0,
            "liquidType": 0,
            "foodstage": 0,
            "extraData": 0,
            "temp": 0.0,
            "wetness": 0.04899999871850014,
            "health": 200.0,
            "energy": 0.0,
            "locType": 2,
            "locIdx": -1,
            "locRow": -1,
            "locCol": -1,
            "locFlip": 0,
            "childrens": []
        },
        {
            "item": "HatchbackWheel",
            "quantity": 0,
            "quick_slots_index": 0,
            "slot": -17736784,
            "magAmmoCount": 0,
            "liquidType": 0,
            "foodstage": 0,
            "extraData": 0,
            "temp": 0.0,
            "wetness": 0.04899999871850014,
            "health": 200.0,
            "energy": 0.0,
            "locType": 2,
            "locIdx": -1,
            "locRow": -1,
            "locCol": -1,
            "locFlip": 0,
            "childrens": []
        },
        {
            "item": "HatchbackWheel",
            "quantity": 0,
            "quick_slots_index": 0,
            "slot": -17736783,
            "magAmmoCount": 0,
            "liquidType": 0,
            "foodstage": 0,
            "extraData": 0,
            "temp": 0.0,
            "wetness": 0.04899999871850014,
            "health": 200.0,
            "energy": 0.0,
            "locType": 2,
            "locIdx": -1,
            "locRow": -1,
            "locCol": -1,
            "locFlip": 0,
            "childrens": []
        }
    ]
}