{
    "ConfigVersion": 6,
    "ID": 1,
    "ClassName": "ExpansionQuestNPCDenis",
    "Position": [
        0.0,
        0.0,
        0.0
    ],
    "Orientation": [
        0.0,
        0.0,
        0.0
    ],
    "NPCName": "Peter",
    "DefaultNPCText": "Hmm?",
    "Waypoints": [],
    "NPCEmoteID": 46,
    "NPCEmoteIsStatic": 0,
    "NPCLoadoutFile": "NBCLoadout",
    "NPCInteractionEmoteID": 1,
    "NPCQuestCancelEmoteID": 60,
    "NPCQuestStartEmoteID": 58,
    "NPCQuestCompleteEmoteID": 39,
    "NPCFaction": "InvincibleObservers",
    "NPCType": 0,
    "Active": 1
}