{
    "ConfigVersion": "1",
    "LogsOn": 1,
    "DebugOn": 0,
    "DumpObjectLocations": 0,
    "SpawnFirewoodObjects": 1,
    "NoWoodLeftMessage": "It seems the wood left in this pile is wet and rotten, I can't use this...",
    "WoodTypes": [
        {
            "TypeName": "_woodreserve",
            "MinWood": 0,
            "MaxWood": 6,
            "ChanceOfBleed": 0.33000001311302187,
            "DamageGloves": 10.0,
            "DamageTool": 10.0,
            "Offset": [
                0.0,
                0.0,
                0.0
            ],
            "Orient": [
                0.0,
                0.0,
                0.0
            ]
        },
        {
            "TypeName": "_woodpile_forest",
            "MinWood": 0,
            "MaxWood": 6,
            "ChanceOfBleed": 0.33000001311302187,
            "DamageGloves": 10.0,
            "DamageTool": 10.0,
            "Offset": [
                0.0,
                0.30000001192092898,
                0.0
            ],
            "Orient": [
                90.0,
                0.0,
                90.0
            ]
        },
        {
            "TypeName": "_woodpile1",
            "MinWood": 0,
            "MaxWood": 6,
            "ChanceOfBleed": 0.33000001311302187,
            "DamageGloves": 10.0,
            "DamageTool": 10.0,
            "Offset": [
                0.0,
                -0.5,
                0.0
            ],
            "Orient": [
                0.0,
                0.0,
                0.0
            ]
        },
        {
            "TypeName": "_woodpile2",
            "MinWood": 0,
            "MaxWood": 6,
            "ChanceOfBleed": 0.33000001311302187,
            "DamageGloves": 10.0,
            "DamageTool": 10.0,
            "Offset": [
                0.0,
                -0.5,
                0.0
            ],
            "Orient": [
                0.0,
                0.0,
                0.0
            ]
        }
    ],
    "WoodPositions": [
        {
            "TypeName": "_woodreserve",
            "Locations": [
                [
                    2118.56640625,
                    693.3812866210938,
                    5412.68017578125
                ],
                [
                    3931.173828125,
                    935.0418090820313,
                    2286.2958984375
                ],
                [
                    3925.8740234375,
                    935.1328735351563,
                    2314.430419921875
                ],
                [
                    3930.448486328125,
                    935.1328735351563,
                    2332.31591796875
                ]
            ]
        },
        {
            "TypeName": "_woodpile_forest",
            "Locations": [
                [
                    2125.9951171875,
                    694.1450805664063,
                    5422.55712890625
                ],
                [
                    2123.853515625,
                    694.0473022460938,
                    5423.86181640625
                ],
                [
                    2121.96826171875,
                    693.8922119140625,
                    5425.11083984375
                ]
            ]
        },
        {
            "TypeName": "_woodpile1",
            "Locations": [
                [
                    205.96340942382813,
                    544.4741821289063,
                    9714.51171875
                ],
                [
                    3848.154541015625,
                    964.8137817382813,
                    2181.327392578125
                ],
                [
                    3936.469482421875,
                    934.3286743164063,
                    2307.76806640625
                ]
            ]
        },
        {
            "TypeName": "_woodpile2",
            "Locations": []
        }
    ]
}