{
    "m_Version": 13,
    "DisplayName": "#STR_EXPANSION_MARKET_TRADER_ATTACHMENTS",
    "MinRequiredReputation": 0,
    "MaxRequiredReputation": 2147483647,
    "RequiredFaction": "",
    "RequiredCompletedQuestID": -1,
    "TraderIcon": "Scrap Metal",
    "Currencies": [
        "expansionbanknotehryvnia"
    ],
    "DisplayCurrencyValue": 1,
    "DisplayCurrencyName": "",
    "UseCategoryOrder": 0,
    "Categories": [
        "Magazines",
        "Muzzles",
        "Bayonets",
        "Optics",
        "Buttstocks",
        "Handguards"
    ],
    "Items": {
        "universallight": 1,
        "tlrlight": 1
    }
}