{
    "m_Version": 13,
    "DisplayName": "#STR_EXPANSION_MARKET_TRADER_COMPONENTS",
    "MinRequiredReputation": 0,
    "MaxRequiredReputation": 2147483647,
    "RequiredFaction": "",
    "RequiredCompletedQuestID": -1,
    "TraderIcon": "Hammer",
    "Currencies": [
        "expansionbanknotehryvnia"
    ],
    "DisplayCurrencyValue": 1,
    "DisplayCurrencyName": "",
    "UseCategoryOrder": 0,
    "Categories": [
        "Tools",
        "Supplies",
        "Locks",
        "Containers",
        "Tents",
        "Kits",
        "Navigation",
        "Electronics",
        "Lights"
    ],
    "Items": {
        "nvgoggles": 3,
        "rangefinder": 3,
        "universallight": 3,
        "tlrlight": 3
    }
}