{
    "m_Version": 13,
    "DisplayName": "#STR_EXPANSION_MARKET_TRADER_FISHING",
    "MinRequiredReputation": 0,
    "MaxRequiredReputation": 2147483647,
    "RequiredFaction": "",
    "RequiredCompletedQuestID": -1,
    "TraderIcon": "Fishing",
    "Currencies": [
        "expansionbanknotehryvnia"
    ],
    "DisplayCurrencyValue": 1,
    "DisplayCurrencyName": "",
    "UseCategoryOrder": 0,
    "Categories": [
        "Fishing"
    ],
    "Items": {
        "carp": 1,
        "mackerel": 1,
        "sardines": 1
    }
}