{
    "m_Version": 13,
    "DisplayName": "#STR_EXPANSION_MARKET_TRADER_VEHICLES",
    "MinRequiredReputation": 0,
    "MaxRequiredReputation": 2147483647,
    "RequiredFaction": "",
    "RequiredCompletedQuestID": -1,
    "TraderIcon": "Car",
    "Currencies": [
        "expansionbanknotehryvnia"
    ],
    "DisplayCurrencyValue": 1,
    "DisplayCurrencyName": "",
    "UseCategoryOrder": 0,
    "Categories": [
        "Cars",
        "Vehicle_Parts:3",
        "Batteries:3"
    ],
    "Items": {}
}