{
    "m_Version": 13,
    "DisplayName": "#STR_EXPANSION_MARKET_TRADER_VEHICLE_PARTS",
    "MinRequiredReputation": 0,
    "MaxRequiredReputation": 2147483647,
    "RequiredFaction": "",
    "RequiredCompletedQuestID": -1,
    "TraderIcon": "Gas",
    "Currencies": [
        "expansionbanknotehryvnia"
    ],
    "DisplayCurrencyValue": 1,
    "DisplayCurrencyName": "",
    "UseCategoryOrder": 0,
    "Categories": [
        "Vehicle_Parts"
    ],
    "Items": {
        "truckbattery": 1,
        "carbattery": 1,
        "tirerepairkit": 1,
        "canistergasoline": 1
    }
}