{
    "m_Version": 13,
    "DisplayName": "#STR_EXPANSION_MARKET_TRADER_WEAPONS",
    "MinRequiredReputation": 0,
    "MaxRequiredReputation": 2147483647,
    "RequiredFaction": "",
    "RequiredCompletedQuestID": -1,
    "TraderIcon": "Shotgun",
    "Currencies": [
        "expansionbanknotehryvnia"
    ],
    "DisplayCurrencyValue": 1,
    "DisplayCurrencyName": "",
    "UseCategoryOrder": 0,
    "Categories": [
        "Assault_Rifles",
        "Submachine_Guns",
        "Rifles",
        "Pistols",
        "Sniper_Rifles",
        "Shotguns",
        "Launchers",
        "Crossbows",
        "Melee_Weapons",
        "Ammo",
        "Ammo_Boxes",
        "Knifes",
        "Magazines:3",
        "Muzzles:3",
        "Bayonets:3",
        "Optics:3",
        "Buttstocks:3",
        "Handguards:3"
    ],
    "Items": {
        "universallight": 3,
        "tlrlight": 3
    }
}