<?xml version="1.0" encoding="UTF-8" standalone="yes"?>
<types>
	<!-- Packed - default despawn time is 8 hours like backpacks -->
    <type name="ZenSleepingBag_Black">
        <nominal>10</nominal>
        <lifetime>28800</lifetime>
        <restock>0</restock>
        <min>8</min>
        <quantmin>-1</quantmin>
        <quantmax>-1</quantmax>
        <cost>100</cost>
        <flags count_in_cargo="0" count_in_hoarder="0" count_in_map="1" count_in_player="0" crafted="0" deloot="0"/>
        <category name="containers"/>
        <usage name="Hunting"/>
		<usage name="Military"/>
    </type>
	<type name="ZenSleepingBag_Blue">
        <nominal>10</nominal>
        <lifetime>28800</lifetime>
        <restock>0</restock>
        <min>8</min>
        <quantmin>-1</quantmin>
        <quantmax>-1</quantmax>
        <cost>100</cost>
        <flags count_in_cargo="0" count_in_hoarder="0" count_in_map="1" count_in_player="0" crafted="0" deloot="0"/>
        <category name="containers"/>
        <usage name="Hunting"/>
		<usage name="Town"/>
        <usage name="Village"/>
    </type>
	<type name="ZenSleepingBag_Green">
        <nominal>10</nominal>
        <lifetime>28800</lifetime>
        <restock>0</restock>
        <min>8</min>
        <quantmin>-1</quantmin>
        <quantmax>-1</quantmax>
        <cost>100</cost>
        <flags count_in_cargo="0" count_in_hoarder="0" count_in_map="1" count_in_player="0" crafted="0" deloot="0"/>
        <category name="containers"/>
        <usage name="Hunting"/>
		<usage name="Military"/>
    </type>
	<type name="ZenSleepingBag_Grey">
        <nominal>10</nominal>
        <lifetime>28800</lifetime>
        <restock>0</restock>
        <min>8</min>
        <quantmin>-1</quantmin>
        <quantmax>-1</quantmax>
        <cost>100</cost>
        <flags count_in_cargo="0" count_in_hoarder="0" count_in_map="1" count_in_player="0" crafted="0" deloot="0"/>
        <category name="containers"/>
        <usage name="Hunting"/>
		<usage name="Town"/>
        <usage name="Village"/>
    </type>
	<type name="ZenSleepingBag_Red">
        <nominal>10</nominal>
        <lifetime>28800</lifetime>
        <restock>0</restock>
        <min>8</min>
        <quantmin>-1</quantmin>
        <quantmax>-1</quantmax>
        <cost>100</cost>
        <flags count_in_cargo="0" count_in_hoarder="0" count_in_map="1" count_in_player="0" crafted="0" deloot="0"/>
        <category name="containers"/>
        <usage name="Hunting"/>
		<usage name="Town"/>
        <usage name="Village"/>
    </type>
	<!-- Deployed - default despawn lifetime is 48 hours untouched unless under a territory flag -->
	<type name="ZenSleepingBag_Black_Deployed">
        <nominal>0</nominal>
        <lifetime>172800</lifetime>
        <restock>0</restock>
        <min>0</min>
        <quantmin>-1</quantmin>
        <quantmax>-1</quantmax>
        <cost>100</cost>
        <flags count_in_cargo="0" count_in_hoarder="0" count_in_map="1" count_in_player="0" crafted="1" deloot="0"/>
    </type>
	<type name="ZenSleepingBag_Blue_Deployed">
        <nominal>0</nominal>
        <lifetime>172800</lifetime>
        <restock>0</restock>
        <min>0</min>
        <quantmin>-1</quantmin>
        <quantmax>-1</quantmax>
        <cost>100</cost>
        <flags count_in_cargo="0" count_in_hoarder="0" count_in_map="1" count_in_player="0" crafted="1" deloot="0"/>
    </type>
	<type name="ZenSleepingBag_Green_Deployed">
        <nominal>0</nominal>
        <lifetime>172800</lifetime>
        <restock>0</restock>
        <min>0</min>
        <quantmin>-1</quantmin>
        <quantmax>-1</quantmax>
        <cost>100</cost>
        <flags count_in_cargo="0" count_in_hoarder="0" count_in_map="1" count_in_player="0" crafted="1" deloot="0"/>
    </type>
	<type name="ZenSleepingBag_Grey_Deployed">
        <nominal>0</nominal>
        <lifetime>172800</lifetime>
        <restock>0</restock>
        <min>0</min>
        <quantmin>-1</quantmin>
        <quantmax>-1</quantmax>
        <cost>100</cost>
        <flags count_in_cargo="0" count_in_hoarder="0" count_in_map="1" count_in_player="0" crafted="1" deloot="0"/>
    </type>
	<type name="ZenSleepingBag_Red_Deployed">
        <nominal>0</nominal>
        <lifetime>172800</lifetime>
        <restock>0</restock>
        <min>0</min>
        <quantmin>-1</quantmin>
        <quantmax>-1</quantmax>
        <cost>100</cost>
        <flags count_in_cargo="0" count_in_hoarder="0" count_in_map="1" count_in_player="0" crafted="1" deloot="0"/>
    </type>
	<!-- Consumables -->
	<type name="ZenSleep_Anesthetic">
        <nominal>5</nominal>
        <lifetime>28800</lifetime>
        <restock>0</restock>
        <min>3</min>
        <quantmin>-1</quantmin>
        <quantmax>-1</quantmax>
        <cost>100</cost>
        <flags count_in_cargo="0" count_in_hoarder="0" count_in_map="1" count_in_player="0" crafted="0" deloot="0"/>
        <category name="tools"/>
        <tag name="shelves"/>
        <usage name="Medic"/>
    </type>
	<type name="ZenSleep_Amphetamine">
        <nominal>5</nominal>
        <lifetime>28800</lifetime>
        <restock>0</restock>
        <min>3</min>
        <quantmin>-1</quantmin>
        <quantmax>-1</quantmax>
        <cost>100</cost>
        <flags count_in_cargo="0" count_in_hoarder="0" count_in_map="1" count_in_player="0" crafted="0" deloot="0"/>
        <category name="tools"/>
        <tag name="shelves"/>
        <usage name="Medic"/>
    </type>
</types>
