[
    {
        "ClassName": "Ammo_545x39",
        "Include": "",
        "Chance": 0.5,
        "Quantity": {
            "Min": 0.4000000059604645,
            "Max": 0.800000011920929
        },
        "Health": [
            {
                "Min": 0.699999988079071,
                "Max": 1.0,
                "Zone": ""
            }
        ],
        "InventoryAttachments": [],
        "InventoryCargo": [],
        "ConstructionPartsBuilt": [],
        "Sets": []
    },
    {
        "ClassName": "Ammo_545x39Tracer",
        "Include": "",
        "Chance": 0.5,
        "Quantity": {
            "Min": 0.4000000059604645,
            "Max": 0.800000011920929
        },
        "Health": [
            {
                "Min": 0.699999988079071,
                "Max": 1.0,
                "Zone": ""
            }
        ],
        "InventoryAttachments": [],
        "InventoryCargo": [],
        "ConstructionPartsBuilt": [],
        "Sets": []
    },
    {
        "ClassName": "Ammo_762x39",
        "Include": "",
        "Chance": 0.25,
        "Quantity": {
            "Min": 0.20000000298023225,
            "Max": 0.6000000238418579
        },
        "Health": [
            {
                "Min": 0.699999988079071,
                "Max": 1.0,
                "Zone": ""
            }
        ],
        "InventoryAttachments": [],
        "InventoryCargo": [],
        "ConstructionPartsBuilt": [],
        "Sets": []
    },
    {
        "ClassName": "Ammo_762x39Tracer",
        "Include": "",
        "Chance": 0.25,
        "Quantity": {
            "Min": 0.20000000298023225,
            "Max": 0.6000000238418579
        },
        "Health": [
            {
                "Min": 0.699999988079071,
                "Max": 1.0,
                "Zone": ""
            }
        ],
        "InventoryAttachments": [],
        "InventoryCargo": [],
        "ConstructionPartsBuilt": [],
        "Sets": []
    },
    {
        "ClassName": "Ammo_556x45",
        "Include": "",
        "Chance": 0.5,
        "Quantity": {
            "Min": 0.4000000059604645,
            "Max": 0.800000011920929
        },
        "Health": [
            {
                "Min": 0.699999988079071,
                "Max": 1.0,
                "Zone": ""
            }
        ],
        "InventoryAttachments": [],
        "InventoryCargo": [],
        "ConstructionPartsBuilt": [],
        "Sets": []
    },
    {
        "ClassName": "Ammo_556x45Tracer",
        "Include": "",
        "Chance": 0.5,
        "Quantity": {
            "Min": 0.4000000059604645,
            "Max": 0.800000011920929
        },
        "Health": [
            {
                "Min": 0.699999988079071,
                "Max": 1.0,
                "Zone": ""
            }
        ],
        "InventoryAttachments": [],
        "InventoryCargo": [],
        "ConstructionPartsBuilt": [],
        "Sets": []
    },
    {
        "ClassName": "Ammo_762x54",
        "Include": "",
        "Chance": 0.15000000596046449,
        "Quantity": {
            "Min": 0.20000000298023225,
            "Max": 0.6000000238418579
        },
        "Health": [
            {
                "Min": 0.699999988079071,
                "Max": 1.0,
                "Zone": ""
            }
        ],
        "InventoryAttachments": [],
        "InventoryCargo": [],
        "ConstructionPartsBuilt": [],
        "Sets": []
    },
    {
        "ClassName": "Ammo_762x54Tracer",
        "Include": "",
        "Chance": 0.15000000596046449,
        "Quantity": {
            "Min": 0.20000000298023225,
            "Max": 0.6000000238418579
        },
        "Health": [
            {
                "Min": 0.699999988079071,
                "Max": 1.0,
                "Zone": ""
            }
        ],
        "InventoryAttachments": [],
        "InventoryCargo": [],
        "ConstructionPartsBuilt": [],
        "Sets": []
    },
    {
        "ClassName": "Ammo_308Win",
        "Include": "",
        "Chance": 0.15000000596046449,
        "Quantity": {
            "Min": 0.20000000298023225,
            "Max": 0.6000000238418579
        },
        "Health": [
            {
                "Min": 0.699999988079071,
                "Max": 1.0,
                "Zone": ""
            }
        ],
        "InventoryAttachments": [],
        "InventoryCargo": [],
        "ConstructionPartsBuilt": [],
        "Sets": []
    },
    {
        "ClassName": "Ammo_308WinTracer",
        "Include": "",
        "Chance": 0.15000000596046449,
        "Quantity": {
            "Min": 0.20000000298023225,
            "Max": 0.6000000238418579
        },
        "Health": [
            {
                "Min": 0.699999988079071,
                "Max": 1.0,
                "Zone": ""
            }
        ],
        "InventoryAttachments": [],
        "InventoryCargo": [],
        "ConstructionPartsBuilt": [],
        "Sets": []
    },
    {
        "ClassName": "FirstAidKit",
        "Include": "",
        "Chance": 0.33000001311302187,
        "Quantity": {
            "Min": 0.0,
            "Max": 0.0
        },
        "Health": [
            {
                "Min": 0.699999988079071,
                "Max": 1.0,
                "Zone": ""
            }
        ],
        "InventoryAttachments": [],
        "InventoryCargo": [
            {
                "ClassName": "BandageDressing",
                "Include": "",
                "Chance": 1.0,
                "Quantity": {
                    "Min": 0.0,
                    "Max": 0.0
                },
                "Health": [
                    {
                        "Min": 0.699999988079071,
                        "Max": 1.0,
                        "Zone": ""
                    }
                ],
                "InventoryAttachments": [],
                "InventoryCargo": [],
                "ConstructionPartsBuilt": [],
                "Sets": []
            },
            {
                "ClassName": "BandageDressing",
                "Include": "",
                "Chance": 0.4000000059604645,
                "Quantity": {
                    "Min": 0.0,
                    "Max": 0.0
                },
                "Health": [
                    {
                        "Min": 0.699999988079071,
                        "Max": 1.0,
                        "Zone": ""
                    }
                ],
                "InventoryAttachments": [],
                "InventoryCargo": [],
                "ConstructionPartsBuilt": [],
                "Sets": []
            },
            {
                "ClassName": "IodineTincture",
                "Include": "",
                "Chance": 0.25,
                "Quantity": {
                    "Min": 0.20000000298023225,
                    "Max": 1.0
                },
                "Health": [
                    {
                        "Min": 0.699999988079071,
                        "Max": 1.0,
                        "Zone": ""
                    }
                ],
                "InventoryAttachments": [],
                "InventoryCargo": [],
                "ConstructionPartsBuilt": [],
                "Sets": []
            },
            {
                "ClassName": "Morphine",
                "Include": "",
                "Chance": 0.25,
                "Quantity": {
                    "Min": 0.0,
                    "Max": 0.0
                },
                "Health": [
                    {
                        "Min": 0.699999988079071,
                        "Max": 1.0,
                        "Zone": ""
                    }
                ],
                "InventoryAttachments": [],
                "InventoryCargo": [],
                "ConstructionPartsBuilt": [],
                "Sets": []
            },
            {
                "ClassName": "Epinephrine",
                "Include": "",
                "Chance": 0.25,
                "Quantity": {
                    "Min": 0.0,
                    "Max": 0.0
                },
                "Health": [
                    {
                        "Min": 0.699999988079071,
                        "Max": 1.0,
                        "Zone": ""
                    }
                ],
                "InventoryAttachments": [],
                "InventoryCargo": [],
                "ConstructionPartsBuilt": [],
                "Sets": []
            }
        ],
        "ConstructionPartsBuilt": [],
        "Sets": []
    }
]