<?xml version="1.0" encoding="UTF-8" standalone="yes"?>

<!--  ___________ YOU CAN FIND DETAILED INSTRUCTIONS in PvZmoD_CustomisableZombies_HELP.txt file ___________  -->
<!-- See the new Features at the end of the file -->

<types>
	<type name="File_Name">
        <Customisable_Zombies_List 		File_Name = "PvZmoD_CustomisableZombies_Characteristics.xml"/>	<!-- don't forget .xml extension  -->
    </type>
	
	<type name="Features_Activation">
        <Zombies_Speed_Activated							Day = "1"	Night = "1"/>	<!-- [0 or 1]  -->
		<Zombies_Speed_Adjust_Activated						Day = "1"	Night = "1"/>	<!-- [0 or 1]  -->
        <Zombies_CrawlControl_Activated						Day = "1"	Night = "1"/>	<!-- [0 or 1]  -->
		<Zombies_Can_Dodge							 		Day = "0"	Night = "0"/>	<!-- [0 or 1]  -->
        <Zombies_Strenght_Activated	 						Day = "1"	Night = "1"/>	<!-- [0 or 1]  -->
		<Bleeding_Chance_Activated	 						Day = "0"	Night = "0"/>	<!-- [0 or 1]  Can conflict with other mods if activated -->
		<Zombies_Vision_Activated							Day = "1" 	Night = "1" WithBloodyHands="1" WithSpecialMask="1" MiniMumRatioDistance="1"/> <!-- [0 or 1]  -->
        <Player_Fist_Fighting_Activated 					Day = "1"	Night = "1"/>	<!-- [0 or 1]  -->
		<Zombies_Hit_Players_On_Obstacles_Activated 		Day = "1"	Night = "1"/>	<!-- [0 or 1]  -->  
		<Zombies_Hit_Unconscious_Players_Activated			Day	= "0"	Night = "0"/> 	<!-- [0 or 1]  -->		
		<Zombies_Hearing_Doors_Player_Standing_Activated	Day	= "1"	Night = "1"/> 	<!-- [0 or 1]  -->
		<Zombies_Hearing_Doors_Player_Crouching_Activated	Day	= "0"	Night = "0"/> 	<!-- [0 or 1]  -->
		<Zombies_Breaking_Doors_Activated					Day = "1"	Night = "1"/>	<!-- [0 or 1]  -->
		<Zombies_Breaking_LockedDoors_Activated				Day = "0"	Night = "0"/>	<!-- [0 or 1]  -->
		<Zombies_Aggressive_Doors_Detection_Activated		Day = "1"	Night = "1"/>	<!-- [0 or 1]  -->
		<Zombies_Size_Activated								Day = "1"	Night = "1"/>	<!-- [0 or 1]  -->
		<Zombies_Stun_By_Bullet_Resistance_Activated		Day = "1"	Night = "1"/>	<!-- [0 or 1]  -->
	</type>
	
	<type name="Zombies_Caracteristics">
        <Zombies_Health_Ratio						Day	= "1.0"	Night = "1.0"/>	<!-- [Decimal 0.0 to infinite] -->
        <Zombies_Strength_Ratio						Day	= "1.0"	Night = "1.0"/> <!-- [Decimal 0.0 to infinite] Except the bleeding chance -->
        <Zombies_Speed_Ratio						Day	= "1.0"	Night = "1.0"/> <!-- [Decimal 0.0 to infinite] -->
		<Zombies_Clamp_Speed_Mini					Day	= "0.0"	Night = "0.0"/> <!-- [Decimal 1.5=Walk / 2.5=Run / 3.0=Sprint] -->
        <Zombies_Clamp_Speed_Maxi					Day	= "3.0"	Night = "3.0"/> <!-- [Decimal 1.5=Walk / 2.5=Run / 3.0=Sprint] -->
        <Zombies_Hearing_Standing_Players_Ratio		Day	= "1.0"	Night = "1.0"/> <!-- [Decimal 0.0 to 1.0] -->
        <Zombies_Hearing_Crouching_Players_Ratio	Day	= "1.0"	Night = "1.0"/> <!-- [Decimal 0.0 to 1.0] -->
        <Zombies_Size_Ratio							Day	= "1.0"	Night = "1.0"/> <!-- [Decimal 0.01 to infinite] -->
        <Zombies_Stun_By_Bullet_Resistance_Ratio	Day	= "1.0"	Night = "1.0"/>	<!-- [Decimal 0.01 to infinite] -->
        <Zombies_Maximum_Size_In_Buildings			Value	= "1.4"/>	 		<!-- [Decimal 0.01 to infinite] -->
	</type>
	
    <type name="Players_Caracteristics">
        <Maximum_Number_Of_Bleeding_Sources_From_Zombies_Combat			Value = "4"	/>
        <Shoes_Degradation_When_Hit_By_Crawling_Zombie					Value = "5.0" />			<!-- [Decimal 0.0 to infinite] -->
		<Fist_Fighting   Bleeding_Chance_If_Fist_Fighting_Without_Gloves 			= "0.025"	/>	<!-- [0.0 to 1.0] -->
		<Fist_Fighting	 Player_Dammage_If_Fist_Fighting_Without_Gloves				= "0.5"		/>  <!-- [Decimal 0.0 to 100.0] (Max player health is 100.0 hp) -->
		<Fist_Fighting	 Player_Health_Limite_To_Take_Dammage_From_Fist_Fighting	= "80.0"	/>	<!-- [Decimal 0.0 to 100.0] -->
		
		<Special_Mask_To_Hide_From_Zombies	List 		= "ZombieSkinMask,SkinMask,Infectedmask,"		/>	<!-- no spaces, use comma between each item (can be something else than masks) -->
		<Special_Mask_Type_Of_Slot			Slot 		= "Mask"	/>		<!-- This value allow you to use another item than a mask. Set one of these Slots : Mask/HeadGear/Shoulder/Melee/Headgear/Eyewear/Gloves/Armband/Vest/Body/Back/Hips/Legs/Feet/Splint_Right/Hands -->
		<Special_Mask_Lifetime				Minutes 	= "0.0"		/>		<!-- [Decimal 0.0 to infinite] 0.0 :Does not degrade automatically -->
	
		<Multi_Hits_On_Heavy_Attack			Radius 					= "1.5"	/>	<!-- [Decimal 0.0 to infinite] (0.0 => Disable the feature / too higth value can cause performance problems) --> 
		<Multi_Hits_On_Heavy_Attack			Dammage_Ratio 			= "0.5"	/>	<!-- [Decimal 0.0 to 1.0] -->  
		<Multi_Hits_On_Heavy_Attack			Min_Dammage_To_Activate	= "15"	/>	<!-- [Decimal 0.0 to infinite] -->  
		<Multi_Hits_On_Heavy_Attack			Stamina_Bonus			= "10"	/>	<!-- [Decimal 0.0 to infinite] -->  
    </type>
	
	<type name="Night_Management">
        <OverRide_Vanilla_Night_Time	Activated 	= "0"		/> <!-- 0 : Vanilla night time / 1 : Replace vanilla time with values below / -1 : No night config (Day zombies config always used) -->
        <Night_Beginning				Time 		= "20:30"	/> <!-- 24h time (set 20:30 no 8:30pm for example) -->
        <Night_End						Time 		= "04:30"	/>
    </type>		
	
	<type name="Damages_To_Vehicles_Radiator_When_Cruching_Zombies">
 		<Damages_To_Vehicles		Activated	 			= "1"		/>	<!-- [0 or 1] -->
		<Damages_To_Vehicles		Vehicle_Type_Resistance	= "DefaultCars:100,ExpansionVodnik:200,ExpansionBus:200"/>	<!-- (no spaces, look carefully at the line structure if you want to add vehicles) -->
		<Damages_To_Vehicles		Damages_Per_Impact	 	= "1.0"		/>	<!-- decimal [0.0 to infinite] -->
		<Damages_To_Vehicles		Timer_Between_Impacts	= "5"		/>	<!-- Integer [1 to infinite] (seconds) (never inferior to 1) -->
		<Damages_To_Vehicles		Speed_Minimum	 		= "5"		/>	<!-- Integer [1 to infinite] (km/h) (never inferior to 1) -->
		<Damages_To_Vehicles		Speed_Multiplier	 	= "0.01"	/>	<!-- decimal [0.0 to infinite] -->		
		<Damages_To_Vehicles		Cruch_Physics_Force_Factor	 = "25"	/>	<!-- decimal [0.0 to infinite] (is multiplied by speed) -->
		<Damages_To_Vehicles		Cruch_Physics_Force_Mini	 = "700"/>	<!-- decimal [0.0 to infinite] -->
		<Damages_To_Vehicles		Cruch_Physics_Force_Maxi	 = "3000"/>	<!-- decimal [0.0 to infinite] -->
    </type>	
	
	<type name="Zombies_Attacking_Stopped_Vehicles">
 		<Attack_Stopped_Vehicles	Activated	 			= "0"/>	<!-- Integer [0 or 1] -->
		<Attack_Stopped_Vehicles	Vehicle_Type_Resistance	= "DefaultCars:100,ExpansionVodnik:200,ExpansionBus:200"/>	<!-- (no spaces, look carefully at the line structure if you want to add vehicles) -->
		<Attack_Stopped_Vehicles	Moving_Vehicles_Too		= "1"/>	<!-- Integer [0 or 1] -->
		<Attack_Stopped_Vehicles	Damage_On_Structure		= "2.0"	/>	<!-- decimal [0.0 to infinite] -->
		<Attack_Stopped_Vehicles	Damage_On_Attachments	= "5.0"	/>	<!-- decimal [0.0 to infinite] -->
		<Attack_Stopped_Vehicles	Attack_Speed_Factor		= "1.0"	/>	<!-- decimal [0.01 to 3.0] more than 3 will make no difference -->
		<Attack_Stopped_Vehicles	Activate_Sounds	 		= "1"	/>	<!-- Integer [0 or 1] (deactivate if desync problems) -->
		<Attack_Stopped_Vehicles	Player_Inside_Can_Be_Hit= "1"	/>	<!-- Integer [0 or 1] -->
		<Attack_Stopped_Vehicles	Physics_Force_Apply		= "1000"/>	<!-- decimal [0 to infinite] -->
    </type>	
	
	<type name="Zombies_Throw_Stones">
        <Zombies_Throw_Stones_Activated						Day	= "0"		Night = "0"/>		<!-- [0 or 1] -->
        <Zombies_Throw_Stones_Only_If_Player_On_Obstacle	Day	= "1"		Night = "1"/>		<!-- [0 or 1] -->		
        <Zombies_Throw_Stones_Damage_Health					Day	= "2.5"		Night = "2.5"/> 	<!-- [Decimal 0.0 to infinite] -->
        <Zombies_Throw_Stones_Damage_Shock					Day	= "15.0"	Night = "15.0"/> 	<!-- [Decimal 0.0 to infinite] -->		
        <Zombies_Throw_Stones_Keep_Minimum_Health			Day	= "30.0"	Night = "30.0"/> 	<!-- [Decimal 0.0 to 100] (if you want players don't die by stones)-->		
        <Zombies_Throw_Stones_Rate							Day	= "5.0"		Night = "5.0"/> 	<!-- [Decimal 1.0 to infinite] (seconds between two throw)-->
        <Zombies_Throw_Stones_Force							Day	= "90.0"	Night = "90.0"/> 	<!-- [Decimal 0.0 to infinite] (impacts throwing distance, not damages)-->
        <Zombies_Throw_Stones_Distance_Maxi					Day	= "10.0"	Night = "10.0"/> 	<!-- [Decimal 0.0 to infinite] -->
	</type>
	
	<type name="Other">
		<Special_HeadShot_Weapons	List = "Crossbow,"		/>	<!-- (no spaces, use comma between each weapon) -->
		<Items_Protect_HeadShots	List = "BallisticHelmet,ConstructionHelmet,DarkMotoHelmet,DirtBikeHelmet,FirefightersHelmet,GorkaHelmet,HockeyHelmet,GreatHelm,Mich2001Helmet,MotoHelmet,PumpkinHelmet,SkateHelmet,Ssh68Helmet,TankerHelmet,ZSh3PilotHelmet,WeldingMask"		/>		<!-- no spaces, use comma between each helmet or mask-->
		<Friendly_Wolves			List = "Animal_CanisLupus_White,"	/>	<!-- (no spaces, use comma between each wolf)-->
    </type>
	
	<type name="Debug_Only_For_Testing_Or_Debugging">
        <Debug_Mod 	Activated = "0"/>	<!-- [0 1 or 2] keep to 0 to save server resources : refresh xml modifications each 1 second if debug mod > 0 and each 30 seconds if debug mod = 0 (when change from 0 to 1 the curent 30s timer have to finished before begin to refresh at 1s rate) / if set to 2 damage messages will be shown when hitting zombies -->
	</type>		
	
	<type name="NewFeatures">		<!-- New feautures, you should move them in the right section (not mandatory but cleaner structure is easier for you to tweak) -->        
  	</type>
</types>
<!--  ___________ YOU CAN FIND DETAILED INSTRUCTIONS in PvZmoD_CustomisableZombies_HELP.txt file ___________  -->

