	<!--Tablets-->
<?xml version="1.0" encoding="UTF-8" standalone="yes"?>
<types>
    <type name="BP_dexamphetamine"> <!--PainkillerTablets-->
        <nominal>5</nominal>
        <lifetime>7200</lifetime>
        <restock>0</restock>
        <min>3</min>
        <quantmin>-1</quantmin>
        <quantmax>-1</quantmax>
        <cost>100</cost>
        <flags count_in_cargo="0" count_in_hoarder="0" count_in_map="1" count_in_player="0" crafted="0" deloot="0"/>
        <category name="tools"/>
        <tag name="shelves"/>
        <usage name="Medic"/>
    </type>
	<type name="BP_Analgine"> <!--PainkillerTablets-->
        <nominal>5</nominal>
        <lifetime>7200</lifetime>
        <restock>0</restock>
        <min>3</min>
        <quantmin>-1</quantmin>
        <quantmax>-1</quantmax>
        <cost>100</cost>
        <flags count_in_cargo="0" count_in_hoarder="0" count_in_map="1" count_in_player="0" crafted="0" deloot="0"/>
        <category name="tools"/>
        <tag name="shelves"/>
        <usage name="Medic"/>
    </type>
	<type name="BP_Drotaverine"> <!--PainkillerTablets-->
        <nominal>5</nominal>
        <lifetime>7200</lifetime>
        <restock>0</restock>
        <min>3</min>
        <quantmin>-1</quantmin>
        <quantmax>-1</quantmax>
        <cost>100</cost>
        <flags count_in_cargo="0" count_in_hoarder="0" count_in_map="1" count_in_player="0" crafted="0" deloot="0"/>
        <category name="tools"/>
        <tag name="shelves"/>
        <usage name="Medic"/>
    </type>
	
	<type name="BP_Macropen"> <!--TetracyclineAntibiotics-->
        <nominal>5</nominal>
        <lifetime>7200</lifetime>
        <restock>0</restock>
        <min>3</min>
        <quantmin>-1</quantmin>
        <quantmax>-1</quantmax>
        <cost>100</cost>
        <flags count_in_cargo="0" count_in_hoarder="0" count_in_map="1" count_in_player="0" crafted="0" deloot="0"/>
        <category name="tools"/>
        <tag name="shelves"/>
        <usage name="Medic"/>
    </type>
	<type name="BP_Amoksiklav"> <!--TetracyclineAntibiotics-->
        <nominal>5</nominal>
        <lifetime>7200</lifetime>
        <restock>0</restock>
        <min>3</min>
        <quantmin>-1</quantmin>
        <quantmax>-1</quantmax>
        <cost>100</cost>
        <flags count_in_cargo="0" count_in_hoarder="0" count_in_map="1" count_in_player="0" crafted="0" deloot="0"/>
        <category name="tools"/>
        <tag name="shelves"/>
        <usage name="Medic"/>
    </type>
	<type name="BP_Amosin"> <!--TetracyclineAntibiotics-->
        <nominal>5</nominal>
        <lifetime>7200</lifetime>
        <restock>0</restock>
        <min>3</min>
        <quantmin>-1</quantmin>
        <quantmax>-1</quantmax>
        <cost>100</cost>
        <flags count_in_cargo="0" count_in_hoarder="0" count_in_map="1" count_in_player="0" crafted="0" deloot="0"/>
        <category name="tools"/>
        <tag name="shelves"/>
        <usage name="Medic"/>
    </type>
	<type name="BP_Ciprolet"> <!--TetracyclineAntibiotics-->
        <nominal>5</nominal>
        <lifetime>7200</lifetime>
        <restock>0</restock>
        <min>3</min>
        <quantmin>-1</quantmin>
        <quantmax>-1</quantmax>
        <cost>100</cost>
        <flags count_in_cargo="0" count_in_hoarder="0" count_in_map="1" count_in_player="0" crafted="0" deloot="0"/>
        <category name="tools"/>
        <tag name="shelves"/>
        <usage name="Medic"/>
    </type>
	<type name="BP_Ketorolak"> <!--VitaminBottle-->
        <nominal>5</nominal>
        <lifetime>2700</lifetime>
        <restock>0</restock>
        <min>3</min>
        <quantmin>-1</quantmin>
        <quantmax>-1</quantmax>
        <cost>100</cost>
        <flags count_in_cargo="0" count_in_hoarder="0" count_in_map="1" count_in_player="0" crafted="0" deloot="0"/>
        <category name="tools"/>
        <tag name="shelves"/>
        <usage name="Town"/>
        <usage name="Village"/>
    </type>
	<type name="BP_Magnezia"> <!--VitaminBottle-->
        <nominal>5</nominal>
        <lifetime>2700</lifetime>
        <restock>0</restock>
        <min>3</min>
        <quantmin>-1</quantmin>
        <quantmax>-1</quantmax>
        <cost>100</cost>
        <flags count_in_cargo="0" count_in_hoarder="0" count_in_map="1" count_in_player="0" crafted="0" deloot="0"/>
        <category name="tools"/>
        <tag name="shelves"/>
        <usage name="Medic"/>
    </type>
	<!--Syringe-->
	<type name="BP_Promedol"> <!--Morphine-->
        <nominal>5</nominal>
        <lifetime>2700</lifetime>
        <restock>0</restock>
        <min>3</min>
        <quantmin>-1</quantmin>
        <quantmax>-1</quantmax>
        <cost>100</cost>
        <flags count_in_cargo="0" count_in_hoarder="0" count_in_map="1" count_in_player="0" crafted="0" deloot="0"/>
        <category name="tools"/>
        <tag name="shelves"/>
        <usage name="Medic"/>
    </type>
	<type name="BP_Kuru_Syringe">
        <lifetime>7200</lifetime>
        <flags count_in_cargo="0" count_in_hoarder="0" count_in_map="1" count_in_player="0" crafted="1" deloot="0"/>
    </type>
	<type name="BP_Kuru_Syringe_Vaccine">
        <lifetime>7200</lifetime>
        <flags count_in_cargo="0" count_in_hoarder="0" count_in_map="1" count_in_player="0" crafted="1" deloot="0"/>
    </type>
	<type name="BP_Salmonella_Syringe">
        <lifetime>7200</lifetime>
        <flags count_in_cargo="0" count_in_hoarder="0" count_in_map="1" count_in_player="0" crafted="1" deloot="0"/>
    </type>
	<type name="BP_Unknov_Syringe">
        <lifetime>7200</lifetime>
        <flags count_in_cargo="0" count_in_hoarder="0" count_in_map="1" count_in_player="0" crafted="1" deloot="0"/>
    </type>
	<type name="BP_Salmonella_Syringe_Vaccine">
        <lifetime>7200</lifetime>
        <flags count_in_cargo="0" count_in_hoarder="0" count_in_map="1" count_in_player="0" crafted="1" deloot="0"/>
    </type>
	<type name="BP_Influenza_Syringe">
        <lifetime>7200</lifetime>
        <flags count_in_cargo="0" count_in_hoarder="0" count_in_map="1" count_in_player="0" crafted="1" deloot="0"/>
    </type>
	<type name="BP_Influenza_Syringe_Vaccine">
        <lifetime>7200</lifetime>
        <flags count_in_cargo="0" count_in_hoarder="0" count_in_map="1" count_in_player="0" crafted="1" deloot="0"/>
    </type>
	<type name="BP_Cholera_Syringe">
        <lifetime>7200</lifetime>
        <flags count_in_cargo="0" count_in_hoarder="0" count_in_map="1" count_in_player="0" crafted="1" deloot="0"/>
    </type>
	<type name="BP_Cholera_Syringe_Vaccine">
        <lifetime>7200</lifetime>
        <flags count_in_cargo="0" count_in_hoarder="0" count_in_map="1" count_in_player="0" crafted="1" deloot="0"/>
    </type>
	<type name="BP_InjectionVial"> <!--InjectionVial Special cline-->
        <nominal>5</nominal>
        <lifetime>7200</lifetime>
        <restock>0</restock>
        <min>3</min>
        <quantmin>-1</quantmin>
        <quantmax>-1</quantmax>
        <cost>100</cost>
        <flags count_in_cargo="0" count_in_hoarder="0" count_in_map="1" count_in_player="0" crafted="0" deloot="0"/>
        <category name="tools"/>
        <tag name="shelves"/>
        <usage name="Medic"/>
    </type>
	
	<type name="BP_Kuru_flask"><!--InjectionVial + preparat-->
        <lifetime>7200</lifetime>
        <flags count_in_cargo="0" count_in_hoarder="0" count_in_map="1" count_in_player="0" crafted="1" deloot="0"/>
    </type>
	<type name="BP_Kuru_flask_Vaccine"><!--InjectionVial + preparat-->
        <lifetime>7200</lifetime>
        <flags count_in_cargo="0" count_in_hoarder="0" count_in_map="1" count_in_player="0" crafted="1" deloot="0"/>
    </type>
	<type name="BP_Salmonella_flask"><!--InjectionVial + preparat-->
        <lifetime>7200</lifetime>
        <flags count_in_cargo="0" count_in_hoarder="0" count_in_map="1" count_in_player="0" crafted="1" deloot="0"/>
    </type>
	<type name="BP_Salmonella_flask_Vaccine"><!--InjectionVial + preparat-->
        <lifetime>7200</lifetime>
        <flags count_in_cargo="0" count_in_hoarder="0" count_in_map="1" count_in_player="0" crafted="1" deloot="0"/>
    </type>
	<type name="BP_Influenza_flask"><!--InjectionVial + preparat-->
        <lifetime>7200</lifetime>
        <flags count_in_cargo="0" count_in_hoarder="0" count_in_map="1" count_in_player="0" crafted="1" deloot="0"/>
    </type>
	<type name="BP_Influenza_flask_Vaccine"><!--InjectionVial + preparat-->
        <lifetime>7200</lifetime>
        <flags count_in_cargo="0" count_in_hoarder="0" count_in_map="1" count_in_player="0" crafted="1" deloot="0"/>
    </type>
	<type name="BP_Cholera_flask"><!--InjectionVial + preparat-->
        <lifetime>7200</lifetime>
        <flags count_in_cargo="0" count_in_hoarder="0" count_in_map="1" count_in_player="0" crafted="1" deloot="0"/>
    </type>
	<type name="BP_Cholera_flask_Vaccine"><!--InjectionVial + preparat-->
        <lifetime>7200</lifetime>
        <flags count_in_cargo="0" count_in_hoarder="0" count_in_map="1" count_in_player="0" crafted="1" deloot="0"/>
    </type>
	
	<type name="BP_Ceftazidim_flask"> <!--TetracyclineAntibiotics-->
        <nominal>5</nominal>
        <lifetime>7200</lifetime>
        <restock>0</restock>
        <min>3</min>
        <quantmin>-1</quantmin>
        <quantmax>-1</quantmax>
        <cost>100</cost>
        <flags count_in_cargo="0" count_in_hoarder="0" count_in_map="1" count_in_player="0" crafted="0" deloot="0"/>
        <category name="tools"/>
        <tag name="shelves"/>
        <usage name="Medic"/>
    </type>
	
	<type name="BP_Ceftazidim_Syringe"><!--TetracyclineAntibiotics-->
        <lifetime>7200</lifetime>
        <flags count_in_cargo="0" count_in_hoarder="0" count_in_map="1" count_in_player="0" crafted="1" deloot="0"/>
    </type>
	
	<type name="BP_Ampiciline_flask"> <!--TetracyclineAntibiotics-->
        <nominal>5</nominal>
        <lifetime>7200</lifetime>
        <restock>0</restock>
        <min>3</min>
        <quantmin>-1</quantmin>
        <quantmax>-1</quantmax>
        <cost>100</cost>
        <flags count_in_cargo="0" count_in_hoarder="0" count_in_map="1" count_in_player="0" crafted="0" deloot="0"/>
        <category name="tools"/>
        <tag name="shelves"/>
        <usage name="Medic"/>
    </type>
	
	<type name="BP_Ampiciline_Syringe"><!--TetracyclineAntibiotics-->
        <lifetime>7200</lifetime>
        <flags count_in_cargo="0" count_in_hoarder="0" count_in_map="1" count_in_player="0" crafted="1" deloot="0"/>
    </type>
	<!--Fan-->
	<type name="BP_Zelenka"> <!--DisinfectantAlcohol-->
        <nominal>5</nominal>
        <lifetime>7200</lifetime>
        <restock>0</restock>
        <min>3</min>
        <quantmin>-1</quantmin>
        <quantmax>-1</quantmax>
        <cost>100</cost>
        <flags count_in_cargo="0" count_in_hoarder="0" count_in_map="1" count_in_player="0" crafted="0" deloot="0"/>
        <category name="tools"/>
        <tag name="shelves"/>
        <usage name="Medic"/>
    </type>
	<type name="BP_Iod"> <!--DisinfectantAlcohol-->
        <nominal>5</nominal>
        <lifetime>7200</lifetime>
        <restock>0</restock>
        <min>3</min>
        <quantmin>-1</quantmin>
        <quantmax>-1</quantmax>
        <cost>100</cost>
        <flags count_in_cargo="0" count_in_hoarder="0" count_in_map="1" count_in_player="0" crafted="0" deloot="0"/>
        <category name="tools"/>
        <tag name="shelves"/>
        <usage name="Medic"/>
    </type>

	<type name="Bp_piece_of_brain"><!--Component vacien-->
        <lifetime>7200</lifetime>
        <flags count_in_cargo="0" count_in_hoarder="0" count_in_map="1" count_in_player="0" crafted="1" deloot="0"/>
    </type>
	<type name="Syringe"> 
        <nominal>7</nominal>
        <lifetime>7200</lifetime>
        <restock>0</restock>
        <min>5</min>
        <quantmin>-1</quantmin>
        <quantmax>-1</quantmax>
        <cost>100</cost>
        <flags count_in_cargo="0" count_in_hoarder="0" count_in_map="1" count_in_player="0" crafted="0" deloot="0"/>
        <category name="tools"/>
        <tag name="shelves"/>
        <usage name="Medic"/>
	</type>
</types>
