{
    "m_Version": 13,
    "AccuracyMin": 0.3499999940395355,
    "AccuracyMax": 0.949999988079071,
    "ThreatDistanceLimit": 1000.0,
    "NoiseInvestigationDistanceLimit": 500.0,
    "DamageMultiplier": 1.0,
    "DamageReceivedMultiplier": 1.0,
    "Admins": [],
    "Vaulting": 1,
    "SniperProneDistanceThreshold": 0.0,
    "Manners": 0,
    "MemeLevel": 1,
    "CanRecruitFriendly": 1,
    "CanRecruitGuards": 0,
    "PreventClimb": [],
    "FormationScale": 1.0,
    "PlayerFactions": [],
    "LogAIHitBy": 1,
    "LogAIKilled": 1
}